ID,Name,Sex,Age,Height,Weight,Team,NOC,Games,Year,Season,City,Sport,Event,Medal
143,"Desmond ""Des"" Abbott",M,21.0,184.0,87.0,Australia,AUS,2008 Summer,2008,Summer,Beijing,Hockey,Hockey Men's Hockey,Bronze
465,"Matthew ""Matt"" Abood",M,30.0,197.0,92.0,Australia,AUS,2016 Summer,2016,Summer,Rio de Janeiro,Swimming,Swimming Men's 4 x 100 metres Freestyle Relay,Bronze
1489,Alexander Michael Hirst Aikman,M,23.0,,,Australia,AUS,1956 Summer,1956,Summer,Melbourne,Rowing,Rowing Men's Coxed Eights,Bronze
1534,Brett Aitken,M,21.0,173.0,65.0,Australia,AUS,1992 Summer,1992,Summer,Barcelona,Cycling,"Cycling Men's Team Pursuit, 4,000 metres",Silver
1534,Brett Aitken,M,25.0,173.0,65.0,Australia,AUS,1996 Summer,1996,Summer,Atlanta,Cycling,"Cycling Men's Team Pursuit, 4,000 metres",Bronze
1534,Brett Aitken,M,29.0,173.0,65.0,Australia,AUS,2000 Summer,2000,Summer,Sydney,Cycling,Cycling Men's Madison,Gold
2850,"Kate Ruth ""Katie"" Allen",F,26.0,170.0,65.0,Australia,AUS,2000 Summer,2000,Summer,Sydney,Hockey,Hockey Women's Hockey,Gold
2875,"Sandra Louise ""Sandy"" Allen-Lewis",F,21.0,170.0,59.0,Australia,AUS,2000 Summer,2000,Summer,Sydney,Softball,Softball Women's Softball,Bronze
2875,"Sandra Louise ""Sandy"" Allen-Lewis",F,25.0,170.0,59.0,Australia,AUS,2004 Summer,2004,Summer,Athina,Softball,Softball Women's Softball,Silver
2875,"Sandra Louise ""Sandy"" Allen-Lewis",F,29.0,170.0,59.0,Australia,AUS,2008 Summer,2008,Summer,Beijing,Softball,Softball Women's Softball,Bronze
3494,"Judith Florence ""Judy"" Amoore-Pollock",F,24.0,163.0,55.0,Australia,AUS,1964 Summer,1964,Summer,Tokyo,Athletics,Athletics Women's 400 metres,Bronze
3803,Craig Anthony Anderson,M,23.0,187.0,86.0,Australia,AUS,2004 Summer,2004,Summer,Athina,Baseball,Baseball Men's Baseball,Silver
3805,"David Rollo ""Dave"" Anderson",M,20.0,,,Australia,AUS,1952 Summer,1952,Summer,Helsinki,Rowing,Rowing Men's Coxed Eights,Bronze
3831,John Edward Anderson,M,33.0,183.0,89.0,Australia,AUS,1972 Summer,1972,Summer,Munich,Sailing,Sailing Mixed Two Person Keelboat,Gold
3859,John Scott Anderson,M,30.0,187.0,72.0,Australia,AUS,1984 Summer,1984,Summer,Los Angeles,Sailing,Sailing Mixed Multihull,Bronze
3864,"Thomas James ""Tom"" Anderson",M,33.0,183.0,89.0,Australia,AUS,1972 Summer,1972,Summer,Munich,Sailing,Sailing Mixed Three Person Keelboat,Gold
3978,Ramon Dean Andersson,M,29.0,188.0,95.0,Australia,AUS,1992 Summer,1992,Summer,Barcelona,Canoeing,"Canoeing Men's Kayak Fours, 1,000 metres",Bronze
4145,"Janice ""Jan"" Andrew (-Thornett)",F,16.0,162.0,54.0,Australia,AUS,1960 Summer,1960,Summer,Roma,Swimming,Swimming Women's 100 metres Butterfly,Bronze
4145,"Janice ""Jan"" Andrew (-Thornett)",F,16.0,162.0,54.0,Australia,AUS,1960 Summer,1960,Summer,Roma,Swimming,Swimming Women's 4 x 100 metres Medley Relay,Silver
4163,"Michelle ""Shelley"" Andrews (-Mitchell)",F,24.0,168.0,59.0,Australia,AUS,1996 Summer,1996,Summer,Atlanta,Hockey,Hockey Women's Hockey,Gold
4418,Alyson Regina Annan,F,23.0,162.0,65.0,Australia,AUS,1996 Summer,1996,Summer,Atlanta,Hockey,Hockey Women's Hockey,Gold
4418,Alyson Regina Annan,F,27.0,162.0,65.0,Australia,AUS,2000 Summer,2000,Summer,Sydney,Hockey,Hockey Women's Hockey,Gold
4561,Peter Thomas Antonie,M,34.0,183.0,82.0,Australia,AUS,1992 Summer,1992,Summer,Barcelona,Rowing,Rowing Men's Double Sculls,Gold
5158,Duncan John D'Arcy Armstrong,M,20.0,187.0,74.0,Australia,AUS,1988 Summer,1988,Summer,Seoul,Swimming,Swimming Men's 200 metres Freestyle,Gold
5158,Duncan John D'Arcy Armstrong,M,20.0,187.0,74.0,Australia,AUS,1988 Summer,1988,Summer,Seoul,Swimming,Swimming Men's 400 metres Freestyle,Silver
5163,"Jennifer Margaret ""Jenny"" Armstrong",F,30.0,171.0,59.0,Australia,AUS,2000 Summer,2000,Summer,Sydney,Sailing,Sailing Women's Two Person Dinghy,Gold
5165,"James Michael ""Jim"" Armstrong",M,31.0,,,Australia,AUS,1948 Summer,1948,Summer,London,Wrestling,"Wrestling Men's Heavyweight, Freestyle",Bronze
5532,Glenn Ashby,M,30.0,170.0,76.0,Australia,AUS,2008 Summer,2008,Summer,Beijing,Sailing,Sailing Mixed Multihull,Silver
5577,Jessica Ashwood,F,23.0,173.0,64.0,Australia,AUS,2016 Summer,2016,Summer,Rio de Janeiro,Swimming,Swimming Women's 4 x 200 metres Freestyle Relay,Silver
6097,George Gordon Avery,M,23.0,,,Australia,AUS,1948 Summer,1948,Summer,London,Athletics,Athletics Men's Triple Jump,Silver
6776,Nathan Baggaley,M,28.0,193.0,90.0,Australia,AUS,2004 Summer,2004,Summer,Athina,Canoeing,"Canoeing Men's Kayak Singles, 500 metres",Silver
6776,Nathan Baggaley,M,28.0,193.0,90.0,Australia,AUS,2004 Summer,2004,Summer,Athina,Canoeing,"Canoeing Men's Kayak Doubles, 500 metres",Silver
6934,Angie Lee Bainbridge,F,18.0,181.0,67.0,Australia,AUS,2008 Summer,2008,Summer,Beijing,Swimming,Swimming Women's 4 x 200 metres Freestyle Relay,Gold
6934,Angie Lee Bainbridge,F,22.0,181.0,67.0,Australia,AUS,2012 Summer,2012,Summer,London,Swimming,Swimming Women's 4 x 200 metres Freestyle Relay,Silver
7346,Darren Balmforth,M,27.0,178.0,70.0,Australia,AUS,2000 Summer,2000,Summer,Sydney,Rowing,Rowing Men's Lightweight Coxless Fours,Silver
7364,"Suzanne Elspeth ""Suzy"" Balogh",F,31.0,166.0,85.0,Australia,AUS,2004 Summer,2004,Summer,Athina,Shooting,Shooting Women's Trap,Gold
7742,"Verdi ""Vern"" Barberis",M,24.0,,67.5,Australia,AUS,1952 Summer,1952,Summer,Helsinki,Weightlifting,Weightlifting Men's Lightweight,Bronze
7894,Nigel Chase Barker,M,23.0,,,Australia,AUS,1906 Summer,1906,Summer,Athina,Athletics,Athletics Men's 100 metres,Bronze
7894,Nigel Chase Barker,M,23.0,,,Australia,AUS,1906 Summer,1906,Summer,Athina,Athletics,Athletics Men's 400 metres,Bronze
7988,Steven John Barnett,M,25.0,174.0,75.0,Australia,AUS,2004 Summer,2004,Summer,Athina,Diving,Diving Men's Synchronized Springboard,Bronze
8051,Bronte Amelia Arnold Barratt,F,19.0,171.0,59.0,Australia,AUS,2008 Summer,2008,Summer,Beijing,Swimming,Swimming Women's 4 x 200 metres Freestyle Relay,Gold
8051,Bronte Amelia Arnold Barratt,F,23.0,171.0,59.0,Australia,AUS,2012 Summer,2012,Summer,London,Swimming,Swimming Women's 200 metres Freestyle,Bronze
8051,Bronte Amelia Arnold Barratt,F,23.0,171.0,59.0,Australia,AUS,2012 Summer,2012,Summer,London,Swimming,Swimming Women's 4 x 200 metres Freestyle Relay,Silver
8051,Bronte Amelia Arnold Barratt,F,27.0,171.0,59.0,Australia,AUS,2016 Summer,2016,Summer,Rio de Janeiro,Swimming,Swimming Women's 4 x 200 metres Freestyle Relay,Silver
8590,Suzy Batkovic (-Brown),F,23.0,195.0,89.0,Australia,AUS,2004 Summer,2004,Summer,Athina,Basketball,Basketball Women's Basketball,Silver
8590,Suzy Batkovic (-Brown),F,27.0,195.0,89.0,Australia,AUS,2008 Summer,2008,Summer,Beijing,Basketball,Basketball Women's Basketball,Silver
8590,Suzy Batkovic (-Brown),F,31.0,195.0,89.0,Australia,AUS,2012 Summer,2012,Summer,London,Basketball,Basketball Women's Basketball,Bronze
8629,"James Stewart ""Jim"" Battersby",M,25.0,195.0,90.0,Australia,AUS,1984 Summer,1984,Summer,Los Angeles,Rowing,Rowing Men's Coxed Eights,Bronze
8910,Ryan Neville Bayley,M,22.0,182.0,90.0,Australia,AUS,2004 Summer,2004,Summer,Athina,Cycling,Cycling Men's Sprint,Gold
8910,Ryan Neville Bayley,M,22.0,182.0,90.0,Australia,AUS,2004 Summer,2004,Summer,Athina,Cycling,Cycling Men's Keirin,Gold
9013,Gemma Beadsworth,F,21.0,180.0,78.0,Australia,AUS,2008 Summer,2008,Summer,Beijing,Water Polo,Water Polo Women's Water Polo,Bronze
9013,Gemma Beadsworth,F,25.0,180.0,78.0,Australia,AUS,2012 Summer,2012,Summer,London,Water Polo,Water Polo Women's Water Polo,Bronze
9041,Colin Kenneth Beashel,M,36.0,181.0,87.0,Australia,AUS,1996 Summer,1996,Summer,Atlanta,Sailing,Sailing Mixed Two Person Keelboat,Bronze
9094,"Francis Joseph Edmund ""Frank"" De Beaurepaire",M,28.0,170.0,65.0,Australia,AUS,1920 Summer,1920,Summer,Antwerpen,Swimming,"Swimming Men's 1,500 metres Freestyle",Bronze
9094,"Francis Joseph Edmund ""Frank"" De Beaurepaire",M,28.0,170.0,65.0,Australia,AUS,1920 Summer,1920,Summer,Antwerpen,Swimming,Swimming Men's 4 x 200 metres Freestyle Relay,Silver
9094,"Francis Joseph Edmund ""Frank"" De Beaurepaire",M,32.0,170.0,65.0,Australia,AUS,1924 Summer,1924,Summer,Paris,Swimming,"Swimming Men's 1,500 metres Freestyle",Bronze
9094,"Francis Joseph Edmund ""Frank"" De Beaurepaire",M,32.0,170.0,65.0,Australia,AUS,1924 Summer,1924,Summer,Paris,Swimming,Swimming Men's 4 x 200 metres Freestyle Relay,Silver
9181,Nicole Elise Beck,F,28.0,168.0,66.0,Australia,AUS,2016 Summer,2016,Summer,Rio de Janeiro,Rugby Sevens,Rugby Sevens Women's Rugby Sevens,Gold
9241,Amber Gerganiya Beckitt (-Shelley),F,19.0,162.0,59.0,Australia,AUS,1960 Summer,1960,Summer,Roma,Swimming,Swimming Women's 4 x 100 metres Medley Relay,Silver
9562,Tracey Lee Belbin,F,21.0,169.0,67.0,Australia,AUS,1988 Summer,1988,Summer,Seoul,Hockey,Hockey Women's Hockey,Gold
9567,Mathew Belcher,M,29.0,173.0,62.0,Australia,AUS,2012 Summer,2012,Summer,London,Sailing,Sailing Men's Two Person Dinghy,Gold
9567,Mathew Belcher,M,33.0,173.0,62.0,Australia,AUS,2016 Summer,2016,Summer,Rio de Janeiro,Sailing,Sailing Men's Two Person Dinghy,Silver
9632,David Bell,M,21.0,170.0,65.0,Australia,AUS,1976 Summer,1976,Summer,Montreal,Hockey,Hockey Men's Hockey,Silver
9645,"Lynette ""Lyn"" Bell (-Chipchase)",F,17.0,167.0,57.0,Australia,AUS,1964 Summer,1964,Summer,Tokyo,Swimming,Swimming Women's 4 x 100 metres Freestyle Relay,Silver
9645,"Lynette ""Lyn"" Bell (-Chipchase)",F,21.0,167.0,57.0,Australia,AUS,1968 Summer,1968,Summer,Mexico City,Swimming,Swimming Women's 4 x 100 metres Medley Relay,Silver
9655,"Robin ""Rob"" Bell",M,30.0,193.0,87.0,Australia,AUS,2008 Summer,2008,Summer,Beijing,Canoeing,"Canoeing Men's Canadian Singles, Slalom",Bronze
9764,Alexander Belonogoff,M,26.0,187.0,90.0,Australia,AUS,2016 Summer,2016,Summer,Rio de Janeiro,Rowing,Rowing Men's Quadruple Sculls,Silver
10050,"Frederick Angus ""Fred"" Benfield (-Kirkham)",M,19.0,,,Australia,AUS,1956 Summer,1956,Summer,Melbourne,Rowing,Rowing Men's Coxed Eights,Bronze
10178,Mervyn Bennett,M,31.0,179.0,70.0,Australia,AUS,1976 Summer,1976,Summer,Montreal,Equestrianism,"Equestrianism Mixed Three-Day Event, Team",Bronze
10592,Glenn Stuart Beringen,M,19.0,185.0,72.0,Australia,AUS,1984 Summer,1984,Summer,Los Angeles,Swimming,Swimming Men's 200 metres Breaststroke,Silver
10804,Kevin John Berry,M,15.0,172.0,71.0,Australia,AUS,1960 Summer,1960,Summer,Roma,Swimming,Swimming Men's 4 x 100 metres Medley Relay,Silver
10804,Kevin John Berry,M,19.0,172.0,71.0,Australia,AUS,1964 Summer,1964,Summer,Tokyo,Swimming,Swimming Men's 200 metres Butterfly,Gold
10804,Kevin John Berry,M,19.0,172.0,71.0,Australia,AUS,1964 Summer,1964,Summer,Tokyo,Swimming,Swimming Men's 4 x 100 metres Medley Relay,Bronze
10922,John Edwin Bertrand,M,29.0,188.0,86.0,Australia,AUS,1976 Summer,1976,Summer,Montreal,Sailing,Sailing Mixed One Person Dinghy,Bronze
11009,John Roderick Bestall,M,29.0,178.0,77.0,Australia,AUS,1992 Summer,1992,Summer,Barcelona,Hockey,Hockey Men's Hockey,Silver
11116,Tully Louise Bevilaqua (Crook-),F,36.0,165.0,66.0,Australia,AUS,2008 Summer,2008,Summer,Beijing,Basketball,Basketball Women's Basketball,Silver
11673,Dane Alex Bird-Smith,M,24.0,187.0,72.0,Australia,AUS,2016 Summer,2016,Summer,Rio de Janeiro,Athletics,Athletics Men's 20 kilometres Walk,Bronze
11714,Warren Allen Birmingham,M,29.0,171.0,68.0,Australia,AUS,1992 Summer,1992,Summer,Barcelona,Hockey,Hockey Men's Hockey,Silver
11779,Abby Bishop,F,23.0,189.0,85.0,Australia,AUS,2012 Summer,2012,Summer,London,Basketball,Basketball Women's Basketball,Bronze
11986,Marilyn Mary Black (-Vassella),F,20.0,165.0,55.0,Australia,AUS,1964 Summer,1964,Summer,Tokyo,Athletics,Athletics Women's 200 metres,Bronze
12003,Michael James Blackburn,M,30.0,178.0,78.0,Australia,AUS,2000 Summer,2000,Summer,Sydney,Sailing,Sailing Mixed One Person Dinghy,Bronze
12490,Jack Bobridge,M,23.0,180.0,65.0,Australia,AUS,2012 Summer,2012,Summer,London,Cycling,"Cycling Men's Team Pursuit, 4,000 metres",Silver
12490,Jack Bobridge,M,27.0,180.0,65.0,Australia,AUS,2016 Summer,2016,Summer,Rio de Janeiro,Cycling,"Cycling Men's Team Pursuit, 4,000 metres",Silver
12610,Lee Andrew Bodimeade,M,22.0,,,Australia,AUS,1992 Summer,1992,Summer,Barcelona,Hockey,Hockey Men's Hockey,Silver
13359,"Joshua ""Josh"" Booth",M,25.0,190.0,93.0,Australia,AUS,2016 Summer,2016,Summer,Rio de Janeiro,Rowing,Rowing Men's Coxless Fours,Silver
13362,"Mitchell Jay ""Mitch"" Booth",M,29.0,169.0,78.0,Australia,AUS,1992 Summer,1992,Summer,Barcelona,Sailing,Sailing Mixed Multihull,Bronze
13362,"Mitchell Jay ""Mitch"" Booth",M,33.0,169.0,78.0,Australia,AUS,1996 Summer,1996,Summer,Atlanta,Sailing,Sailing Mixed Multihull,Silver
13401,Katrin Borchert,F,27.0,178.0,70.0,Australia,AUS,1996 Summer,1996,Summer,Atlanta,Canoeing,"Canoeing Women's Kayak Doubles, 500 metres",Bronze
13401,Katrin Borchert,F,31.0,178.0,70.0,Australia,AUS,2000 Summer,2000,Summer,Sydney,Canoeing,"Canoeing Women's Kayak Singles, 500 metres",Bronze
13590,"Theodore ""Ted"" Boronovskis",M,21.0,183.0,104.0,Australia,AUS,1964 Summer,1964,Summer,Tokyo,Judo,Judo Men's Open Class,Bronze
14257,Jodie Bowering,F,26.0,167.0,67.0,Australia,AUS,2008 Summer,2008,Summer,Beijing,Softball,Softball Women's Softball,Bronze
14283,"Deborah Ann ""Debbie"" Bowman-Sullivan",F,25.0,165.0,57.0,Australia,AUS,1988 Summer,1988,Summer,Seoul,Hockey,Hockey Women's Hockey,Gold
14327,Carla Maree Boyd (Porter-),F,20.0,185.0,80.0,Australia,AUS,1996 Summer,1996,Summer,Atlanta,Basketball,Basketball Women's Basketball,Bronze
14327,Carla Maree Boyd (Porter-),F,24.0,185.0,80.0,Australia,AUS,2000 Summer,2000,Summer,Sydney,Basketball,Basketball Women's Basketball,Silver
14364,David Hebbert Boykett,M,22.0,185.0,86.0,Australia,AUS,1956 Summer,1956,Summer,Melbourne,Rowing,Rowing Men's Coxed Eights,Bronze
14374,Raelene Ann Boyle,F,17.0,168.0,57.0,Australia,AUS,1968 Summer,1968,Summer,Mexico City,Athletics,Athletics Women's 200 metres,Silver
14374,Raelene Ann Boyle,F,21.0,168.0,57.0,Australia,AUS,1972 Summer,1972,Summer,Munich,Athletics,Athletics Women's 100 metres,Silver
14374,Raelene Ann Boyle,F,21.0,168.0,57.0,Australia,AUS,1972 Summer,1972,Summer,Munich,Athletics,Athletics Women's 200 metres,Silver
14503,Amber Bradley,F,24.0,178.0,74.0,Australia,AUS,2004 Summer,2004,Summer,Athina,Rowing,Rowing Women's Quadruple Sculls,Bronze
14612,Karen Patricia  Brancourt (-Pollock),F,22.0,180.0,79.0,Australia,AUS,1984 Summer,1984,Summer,Los Angeles,Rowing,Rowing Women's Coxed Fours,Bronze
14946,Michael Gene Brennan,M,24.0,182.0,79.0,Australia,AUS,2000 Summer,2000,Summer,Sydney,Hockey,Hockey Men's Hockey,Bronze
14946,Michael Gene Brennan,M,28.0,182.0,79.0,Australia,AUS,2004 Summer,2004,Summer,Athina,Hockey,Hockey Men's Hockey,Gold
14949,Scott Michael Brennan,M,25.0,193.0,89.0,Australia,AUS,2008 Summer,2008,Summer,Beijing,Rowing,Rowing Men's Double Sculls,Gold
15006,Graeme Thomas Brewer,M,21.0,192.0,96.0,Australia,AUS,1980 Summer,1980,Summer,Moskva,Swimming,Swimming Men's 200 metres Freestyle,Bronze
15041,"Thomas Robert ""Tom"" Brice",M,22.0,195.0,98.0,Australia,AUS,2004 Summer,2004,Summer,Athina,Baseball,Baseball Men's Baseball,Silver
15177,Grant Tyson Brits,M,20.0,188.0,80.0,Australia,AUS,2008 Summer,2008,Summer,Beijing,Swimming,Swimming Men's 4 x 200 metres Freestyle Relay,Bronze
15216,Brittany Broben,F,16.0,163.0,52.0,Australia,AUS,2012 Summer,2012,Summer,London,Diving,Diving Women's Platform,Silver
15266,Leith Brodie,M,22.0,187.0,84.0,Australia,AUS,2008 Summer,2008,Summer,Beijing,Swimming,Swimming Men's 4 x 100 metres Freestyle Relay,Bronze
15266,Leith Brodie,M,22.0,187.0,84.0,Australia,AUS,2008 Summer,2008,Summer,Beijing,Swimming,Swimming Men's 4 x 200 metres Freestyle Relay,Bronze
15301,Michelle Kathleen Brogan-Griffiths,F,23.0,186.0,80.0,Australia,AUS,1996 Summer,1996,Summer,Atlanta,Basketball,Basketball Women's Basketball,Bronze
15301,Michelle Kathleen Brogan-Griffiths,F,27.0,186.0,80.0,Australia,AUS,2000 Summer,2000,Summer,Sydney,Basketball,Basketball Women's Basketball,Silver
15340,"Sandra Anne ""Sandy"" Brondello",F,27.0,170.0,62.0,Australia,AUS,1996 Summer,1996,Summer,Atlanta,Basketball,Basketball Women's Basketball,Bronze
15340,"Sandra Anne ""Sandy"" Brondello",F,32.0,170.0,62.0,Australia,AUS,2000 Summer,2000,Summer,Sydney,Basketball,Basketball Women's Basketball,Silver
15340,"Sandra Anne ""Sandy"" Brondello",F,35.0,170.0,62.0,Australia,AUS,2004 Summer,2004,Summer,Athina,Basketball,Basketball Women's Basketball,Silver
15387,Neil Brooks,M,17.0,198.0,96.0,Australia,AUS,1980 Summer,1980,Summer,Moskva,Swimming,Swimming Men's 4 x 100 metres Medley Relay,Gold
15387,Neil Brooks,M,22.0,198.0,96.0,Australia,AUS,1984 Summer,1984,Summer,Los Angeles,Swimming,Swimming Men's 4 x 100 metres Freestyle Relay,Silver
15387,Neil Brooks,M,22.0,198.0,96.0,Australia,AUS,1984 Summer,1984,Summer,Los Angeles,Swimming,Swimming Men's 4 x 100 metres Medley Relay,Bronze
15394,Travis Neil Brooks,M,24.0,186.0,79.0,Australia,AUS,2004 Summer,2004,Summer,Athina,Hockey,Hockey Men's Hockey,Gold
15394,Travis Neil Brooks,M,28.0,186.0,79.0,Australia,AUS,2008 Summer,2008,Summer,Beijing,Hockey,Hockey Men's Hockey,Bronze
15433,"Gregory John ""Greg"" Brough",M,17.0,187.0,79.0,Australia,AUS,1968 Summer,1968,Summer,Mexico City,Swimming,"Swimming Men's 1,500 metres Freestyle",Bronze
15527,Graeme Allen Brown,M,25.0,177.0,75.0,Australia,AUS,2004 Summer,2004,Summer,Athina,Cycling,"Cycling Men's Team Pursuit, 4,000 metres",Gold
15527,Graeme Allen Brown,M,25.0,177.0,75.0,Australia,AUS,2004 Summer,2004,Summer,Athina,Cycling,Cycling Men's Madison,Gold
15533,Ian Warwick Brown,M,22.0,184.0,70.0,Australia,AUS,1976 Summer,1976,Summer,Montreal,Sailing,Sailing Mixed Two Person Dinghy,Bronze
15540,"Joanne ""Jo"" Brown (-Alchin)",F,24.0,174.0,72.0,Australia,AUS,1996 Summer,1996,Summer,Atlanta,Softball,Softball Women's Softball,Bronze
15540,"Joanne ""Jo"" Brown (-Alchin)",F,28.0,174.0,72.0,Australia,AUS,2000 Summer,2000,Summer,Sydney,Softball,Softball Women's Softball,Bronze
15553,Kiel Brown,M,24.0,172.0,72.0,Australia,AUS,2008 Summer,2008,Summer,Beijing,Hockey,Hockey Men's Hockey,Bronze
15599,Victoria Brown,F,26.0,183.0,76.0,Australia,AUS,2012 Summer,2012,Summer,London,Water Polo,Water Polo Women's Water Polo,Bronze
15602,Walter William Brown,M,31.0,,,Australia,AUS,1956 Summer,1956,Summer,Melbourne,Canoeing,"Canoeing Men's Kayak Doubles, 10,000 metres",Bronze
15612,Ian Sterry Browne,M,25.0,185.0,59.0,Australia,AUS,1956 Summer,1956,Summer,Melbourne,Cycling,"Cycling Men's Tandem Sprint, 2,000 metres",Gold
15623,"Gregory Charles ""Greg"" Browning",M,23.0,179.0,71.0,Australia,AUS,1976 Summer,1976,Summer,Montreal,Hockey,Hockey Men's Hockey,Silver
15654,"Theodore William ""Bill"" Bruce",M,24.0,,,Australia,AUS,1948 Summer,1948,Summer,London,Athletics,Athletics Men's Long Jump,Silver
16009,Glenn Robert Buchanan,M,21.0,180.0,77.0,Australia,AUS,1984 Summer,1984,Summer,Los Angeles,Swimming,Swimming Men's 100 metres Butterfly,Bronze
16009,Glenn Robert Buchanan,M,21.0,180.0,77.0,Australia,AUS,1984 Summer,1984,Summer,Los Angeles,Swimming,Swimming Men's 4 x 100 metres Medley Relay,Bronze
16016,Sharon Lee Buchanan-Patmore,F,25.0,168.0,58.0,Australia,AUS,1988 Summer,1988,Summer,Seoul,Hockey,Hockey Women's Hockey,Gold
16424,Darren Bundock,M,29.0,180.0,70.0,Australia,AUS,2000 Summer,2000,Summer,Sydney,Sailing,Sailing Mixed Multihull,Silver
16424,Darren Bundock,M,37.0,180.0,70.0,Australia,AUS,2008 Summer,2008,Summer,Beijing,Sailing,Sailing Mixed Multihull,Silver
16536,Nathan Burgers,M,33.0,185.0,82.0,Australia,AUS,2012 Summer,2012,Summer,London,Hockey,Hockey Men's Hockey,Bronze
16547,Simon Peter Burgess,M,33.0,178.0,70.0,Australia,AUS,2000 Summer,2000,Summer,Sydney,Rowing,Rowing Men's Lightweight Coxless Fours,Silver
16547,Simon Peter Burgess,M,36.0,178.0,70.0,Australia,AUS,2004 Summer,2004,Summer,Athina,Rowing,Rowing Men's Lightweight Coxless Fours,Silver
16603,"Daniel ""Dan"" Burke",M,26.0,193.0,93.0,Australia,AUS,2000 Summer,2000,Summer,Sydney,Rowing,Rowing Men's Coxed Eights,Silver
16696,Lauren Chantel Burns (-Muller),F,26.0,165.0,49.0,Australia,AUS,2000 Summer,2000,Summer,Sydney,Taekwondo,Taekwondo Women's Flyweight,Gold
16704,Adrian Mark Burnside,M,27.0,193.0,100.0,Australia,AUS,2004 Summer,2004,Summer,Athina,Baseball,Baseball Men's Baseball,Silver
16759,Christopher Burton,M,34.0,180.0,70.0,Australia,AUS,2016 Summer,2016,Summer,Rio de Janeiro,Equestrianism,"Equestrianism Mixed Three-Day Event, Team",Bronze
16773,Tom Burton,M,26.0,180.0,81.0,Australia,AUS,2016 Summer,2016,Summer,Rio de Janeiro,Sailing,Sailing Men's One Person Dinghy,Gold
16774,William Charles Burton,M,18.0,,,Australia,AUS,1960 Summer,1960,Summer,Roma,Swimming,Swimming Men's 4 x 100 metres Medley Relay,Silver
16914,Dean William Butler,M,27.0,172.0,72.0,Australia,AUS,2004 Summer,2004,Summer,Athina,Hockey,Hockey Men's Hockey,Gold
16974,Matthew Butturini,M,24.0,181.0,81.0,Australia,AUS,2012 Summer,2012,Summer,London,Hockey,Hockey Men's Hockey,Bronze
16986,"Douglas Raymond ""Doug"" Buxton",M,39.0,,,Buraddoo,AUS,1956 Summer,1956,Summer,Melbourne,Sailing,Sailing Mixed 5.5 metres,Bronze
17324,Maureen Caird (-Jones),F,17.0,165.0,52.0,Australia,AUS,1968 Summer,1968,Summer,Mexico City,Athletics,Athletics Women's 80 metres Hurdles,Gold
17327,Christopher Cairns,M,27.0,177.0,68.0,Australia,AUS,1984 Summer,1984,Summer,Los Angeles,Sailing,Sailing Mixed Multihull,Bronze
17494,Ashley John Callus,M,21.0,188.0,85.0,Australia,AUS,2000 Summer,2000,Summer,Sydney,Swimming,Swimming Men's 4 x 100 metres Freestyle Relay,Gold
17494,Ashley John Callus,M,29.0,188.0,85.0,Australia,AUS,2008 Summer,2008,Summer,Beijing,Swimming,Swimming Men's 4 x 100 metres Freestyle Relay,Bronze
17510,Dyana Jane Calub,F,24.0,175.0,69.0,Australia,AUS,2000 Summer,2000,Summer,Sydney,Swimming,Swimming Women's 4 x 100 metres Medley Relay,Silver
17591,"Elizabeth Folake ""Liz"" Cambage",F,20.0,203.0,98.0,Australia,AUS,2012 Summer,2012,Summer,London,Basketball,Basketball Women's Basketball,Bronze
17684,Bronte Campbell,F,22.0,179.0,58.0,Australia,AUS,2016 Summer,2016,Summer,Rio de Janeiro,Swimming,Swimming Women's 4 x 100 metres Freestyle Relay,Gold
17687,Cate Natalie Campbell,F,16.0,186.0,67.0,Australia,AUS,2008 Summer,2008,Summer,Beijing,Swimming,Swimming Women's 50 metres Freestyle,Bronze
17687,Cate Natalie Campbell,F,16.0,186.0,67.0,Australia,AUS,2008 Summer,2008,Summer,Beijing,Swimming,Swimming Women's 4 x 100 metres Freestyle Relay,Bronze
17687,Cate Natalie Campbell,F,20.0,186.0,67.0,Australia,AUS,2012 Summer,2012,Summer,London,Swimming,Swimming Women's 4 x 100 metres Freestyle Relay,Gold
17687,Cate Natalie Campbell,F,24.0,186.0,67.0,Australia,AUS,2016 Summer,2016,Summer,Rio de Janeiro,Swimming,Swimming Women's 4 x 100 metres Freestyle Relay,Gold
17687,Cate Natalie Campbell,F,24.0,186.0,67.0,Australia,AUS,2016 Summer,2016,Summer,Rio de Janeiro,Swimming,Swimming Women's 4 x 100 metres Medley Relay,Silver
18033,Lee Capes (-Nobbs),F,26.0,170.0,60.0,Australia,AUS,1988 Summer,1988,Summer,Seoul,Hockey,Hockey Women's Hockey,Gold
18034,Michelle Edith Capes-Hager,F,21.0,167.0,62.0,Australia,AUS,1988 Summer,1988,Summer,Seoul,Hockey,Hockey Women's Hockey,Gold
18142,Sally May Carbon (-Bell),F,21.0,165.0,59.0,Australia,AUS,1988 Summer,1988,Summer,Seoul,Hockey,Hockey Women's Hockey,Gold
18226,Ashley Carey,M,23.0,,,Australia,AUS,1992 Summer,1992,Summer,Barcelona,Hockey,Hockey Men's Hockey,Silver
18443,Marissa Carpadios,F,26.0,164.0,72.0,Australia,AUS,2004 Summer,2004,Summer,Athina,Softball,Softball Women's Softball,Silver
18550,Sara Maree Carrigan,F,23.0,168.0,60.0,Australia,AUS,2004 Summer,2004,Summer,Athina,Cycling,"Cycling Women's Road Race, Individual",Gold
18581,Joel Carroll,M,25.0,184.0,89.0,Australia,AUS,2012 Summer,2012,Summer,London,Hockey,Hockey Men's Hockey,Bronze
18582,Julian Paul Carroll,M,17.0,188.0,80.0,Australia,AUS,1960 Summer,1960,Summer,Roma,Swimming,Swimming Men's 4 x 100 metres Medley Relay,Silver
18605,Stuart Cameron Carruthers,M,26.0,176.0,75.0,Australia,AUS,1996 Summer,1996,Summer,Atlanta,Hockey,Hockey Men's Hockey,Bronze
18827,Charlotte Caslick,F,21.0,172.0,65.0,Australia,AUS,2016 Summer,2016,Summer,Rio de Janeiro,Rugby Sevens,Rugby Sevens Women's Rugby Sevens,Gold
18974,Naomi Sandra Castle,F,26.0,180.0,72.0,Australia,AUS,2000 Summer,2000,Summer,Sydney,Water Polo,Water Polo Women's Water Polo,Gold
19187,"Philip Arthur ""Phil"" Cayzer",M,30.0,,,Australia,AUS,1952 Summer,1952,Summer,Helsinki,Rowing,Rowing Men's Coxed Eights,Bronze
19603,Kyle Chalmers,M,18.0,193.0,90.0,Australia,AUS,2016 Summer,2016,Summer,Rio de Janeiro,Swimming,Swimming Men's 100 metres Freestyle,Gold
19603,Kyle Chalmers,M,18.0,193.0,90.0,Australia,AUS,2016 Summer,2016,Summer,Rio de Janeiro,Swimming,Swimming Men's 4 x 100 metres Freestyle Relay,Bronze
19603,Kyle Chalmers,M,18.0,193.0,90.0,Australia,AUS,2016 Summer,2016,Summer,Rio de Janeiro,Swimming,Swimming Men's 4 x 100 metres Medley Relay,Bronze
19735,Michelle Louise Chandler (-Cleary),F,22.0,165.0,63.0,Australia,AUS,1996 Summer,1996,Summer,Atlanta,Basketball,Basketball Women's Basketball,Bronze
19842,Ernest William Chapman,M,26.0,,,Australia,AUS,1952 Summer,1952,Summer,Helsinki,Rowing,Rowing Men's Coxed Eights,Bronze
19844,Gary Arthur Chapman,M,19.0,,,Australia,AUS,1956 Summer,1956,Summer,Melbourne,Swimming,Swimming Men's 100 metres Freestyle,Bronze
19844,Gary Arthur Chapman,M,19.0,,,Australia,AUS,1956 Summer,1956,Summer,Melbourne,Swimming,Swimming Men's 4 x 200 metres Freestyle Relay,Gold
19847,James Jonathan Chapman,M,32.0,190.0,92.0,Australia,AUS,2012 Summer,2012,Summer,London,Rowing,Rowing Men's Coxless Fours,Silver
19851,"Susan Claire ""Sue"" Chapman (-Popa)",F,21.0,177.0,75.0,Australia,AUS,1984 Summer,1984,Summer,Los Angeles,Rowing,Rowing Women's Coxed Fours,Bronze
19905,"Richard Ian ""Ric"" Charlesworth",M,24.0,173.0,71.0,Australia,AUS,1976 Summer,1976,Summer,Montreal,Hockey,Hockey Men's Hockey,Silver
19920,"Andrew Murray ""Boy"" Charlton",M,16.0,183.0,,Australia,AUS,1924 Summer,1924,Summer,Paris,Swimming,Swimming Men's 400 metres Freestyle,Bronze
19920,"Andrew Murray ""Boy"" Charlton",M,16.0,183.0,,Australia,AUS,1924 Summer,1924,Summer,Paris,Swimming,"Swimming Men's 1,500 metres Freestyle",Gold
19920,"Andrew Murray ""Boy"" Charlton",M,16.0,183.0,,Australia,AUS,1924 Summer,1924,Summer,Paris,Swimming,Swimming Men's 4 x 200 metres Freestyle Relay,Silver
19920,"Andrew Murray ""Boy"" Charlton",M,20.0,183.0,,Australia,AUS,1928 Summer,1928,Summer,Amsterdam,Swimming,Swimming Men's 400 metres Freestyle,Silver
19920,"Andrew Murray ""Boy"" Charlton",M,20.0,183.0,,Australia,AUS,1928 Summer,1928,Summer,Amsterdam,Swimming,"Swimming Men's 1,500 metres Freestyle",Silver
20350,Grahame Francis Cheney,M,19.0,175.0,63.0,Australia,AUS,1988 Summer,1988,Summer,Seoul,Boxing,Boxing Men's Light-Welterweight,Silver
20515,Emilee Cherry,F,23.0,168.0,70.0,Australia,AUS,2016 Summer,2016,Summer,Rio de Janeiro,Rugby Sevens,Rugby Sevens Women's Rugby Sevens,Gold
20549,"Thomas Edmund Malcolm ""Tom"" Chessell",M,38.0,,,Australia,AUS,1952 Summer,1952,Summer,Helsinki,Rowing,Rowing Men's Coxed Eights,Bronze
21143,Baeden Ty Choppy,M,20.0,,,Australia,AUS,1996 Summer,1996,Summer,Atlanta,Hockey,Hockey Men's Hockey,Bronze
21314,"Maurice Froomes ""Moss"" Christie",M,21.0,180.0,,Australia,AUS,1924 Summer,1924,Summer,Paris,Swimming,Swimming Men's 4 x 200 metres Freestyle Relay,Silver
21668,"Christopher ""Chris"" Ciriello",M,26.0,182.0,83.0,Australia,AUS,2012 Summer,2012,Summer,London,Hockey,Hockey Men's Hockey,Bronze
21788,"Daniel ""Danny"" Clark",M,20.0,176.0,73.0,Australia,AUS,1972 Summer,1972,Summer,Munich,Cycling,"Cycling Men's 1,000 metres Time Trial",Silver
21881,"Ronald William ""Ron"" Clarke",M,27.0,183.0,72.0,Australia,AUS,1964 Summer,1964,Summer,Tokyo,Athletics,"Athletics Men's 10,000 metres",Bronze
21966,Jacob Clear,M,27.0,185.0,86.0,Australia,AUS,2012 Summer,2012,Summer,London,Canoeing,"Canoeing Men's Kayak Fours, 1,000 metres",Gold
21986,"Elspeth Catherine Clement (Swain-, -Denning)",F,31.0,163.0,56.0,Australia,AUS,1988 Summer,1988,Summer,Seoul,Hockey,Hockey Women's Hockey,Gold
22137,Brien William Baxter Cobcroft,M,34.0,177.0,72.0,Australia,AUS,1968 Summer,1968,Summer,Mexico City,Equestrianism,"Equestrianism Mixed Three-Day Event, Team",Bronze
22322,"Briony Christine ""Bree"" Cole",F,25.0,160.0,50.0,Australia,AUS,2008 Summer,2008,Summer,Beijing,Diving,Diving Women's Synchronized Platform,Silver
22457,"Daniel James ""Danny"" Collins",M,25.0,190.0,100.0,Australia,AUS,1996 Summer,1996,Summer,Atlanta,Canoeing,"Canoeing Men's Kayak Doubles, 500 metres",Bronze
22457,"Daniel James ""Danny"" Collins",M,29.0,190.0,100.0,Australia,AUS,2000 Summer,2000,Summer,Sydney,Canoeing,"Canoeing Men's Kayak Doubles, 500 metres",Silver
22545,Alva Merlin Colquhoun,F,18.0,169.0,61.0,Australia,AUS,1960 Summer,1960,Summer,Roma,Swimming,Swimming Women's 4 x 100 metres Freestyle Relay,Silver
22591,Adam David Commens,M,24.0,166.0,74.0,Australia,AUS,2000 Summer,2000,Summer,Sydney,Hockey,Hockey Men's Hockey,Bronze
22859,Natalie Louise Cook,F,21.0,181.0,73.0,Australia-1,AUS,1996 Summer,1996,Summer,Atlanta,Beach Volleyball,Beach Volleyball Women's Beach Volleyball,Bronze
22859,Natalie Louise Cook,F,25.0,181.0,73.0,Australia-1,AUS,2000 Summer,2000,Summer,Sydney,Beach Volleyball,Beach Volleyball Women's Beach Volleyball,Gold
22865,Tamsin Cook,F,17.0,170.0,61.0,Australia,AUS,2016 Summer,2016,Summer,Rio de Janeiro,Swimming,Swimming Women's 4 x 200 metres Freestyle Relay,Silver
22870,Allison Petra Cook-Tranquilli,F,23.0,178.0,69.0,Australia,AUS,1996 Summer,1996,Summer,Atlanta,Basketball,Basketball Women's Basketball,Bronze
22870,Allison Petra Cook-Tranquilli,F,31.0,178.0,69.0,Australia,AUS,2004 Summer,2004,Summer,Athina,Basketball,Basketball Women's Basketball,Silver
22884,Ian Cooke,M,24.0,181.0,82.0,Australia,AUS,1976 Summer,1976,Summer,Montreal,Hockey,Hockey Men's Hockey,Silver
22918,Andrew Dollman Cooper,M,27.0,188.0,92.0,Australia,AUS,1992 Summer,1992,Summer,Barcelona,Rowing,Rowing Men's Coxless Fours,Gold
22923,"Bradford Paul ""Brad"" Cooper",M,18.0,160.0,72.0,Australia,AUS,1972 Summer,1972,Summer,Munich,Swimming,Swimming Men's 400 metres Freestyle,Gold
22943,Kim Cooper (-Maguire),F,30.0,170.0,66.0,Australia,AUS,1996 Summer,1996,Summer,Atlanta,Softball,Softball Women's Softball,Bronze
23021,"Gregory Dean ""Greg"" Corbitt",M,20.0,,,Australia,AUS,1992 Summer,1992,Summer,Barcelona,Hockey,Hockey Men's Hockey,Silver
23351,Daniela Costian,F,27.0,182.0,84.0,Australia,AUS,1992 Summer,1992,Summer,Barcelona,Athletics,Athletics Women's Discus Throw,Bronze
23519,Alicia Jayne Coutts,F,24.0,176.0,69.0,Australia,AUS,2012 Summer,2012,Summer,London,Swimming,Swimming Women's 4 x 100 metres Freestyle Relay,Gold
23519,Alicia Jayne Coutts,F,24.0,176.0,69.0,Australia,AUS,2012 Summer,2012,Summer,London,Swimming,Swimming Women's 4 x 200 metres Freestyle Relay,Silver
23519,Alicia Jayne Coutts,F,24.0,176.0,69.0,Australia,AUS,2012 Summer,2012,Summer,London,Swimming,Swimming Women's 100 metres Butterfly,Bronze
23519,Alicia Jayne Coutts,F,24.0,176.0,69.0,Australia,AUS,2012 Summer,2012,Summer,London,Swimming,Swimming Women's 200 metres Individual Medley,Silver
23519,Alicia Jayne Coutts,F,24.0,176.0,69.0,Australia,AUS,2012 Summer,2012,Summer,London,Swimming,Swimming Women's 4 x 100 metres Medley Relay,Silver
23588,Lionel Malvyne Cox,M,22.0,,,Australia,AUS,1952 Summer,1952,Summer,Helsinki,Cycling,Cycling Men's Sprint,Silver
23588,Lionel Malvyne Cox,M,22.0,,,Australia,AUS,1952 Summer,1952,Summer,Helsinki,Cycling,"Cycling Men's Tandem Sprint, 2,000 metres",Gold
23592,Rohanee Cox,F,27.0,182.0,83.0,Australia,AUS,2008 Summer,2008,Summer,Beijing,Basketball,Basketball Women's Basketball,Silver
23605,"Annemarie Josefina ""Anna"" Cox-Wood",F,29.0,171.0,64.0,Australia,AUS,1996 Summer,1996,Summer,Atlanta,Canoeing,"Canoeing Women's Kayak Doubles, 500 metres",Bronze
23644,Brian John Crago,M,34.0,171.0,67.0,Australia,AUS,1960 Summer,1960,Summer,Roma,Equestrianism,"Equestrianism Men's Three-Day Event, Team",Gold
23694,Lorraine Joyce Crapp (-Thurlow),F,18.0,167.0,,Australia,AUS,1956 Summer,1956,Summer,Melbourne,Swimming,Swimming Women's 100 metres Freestyle,Silver
23694,Lorraine Joyce Crapp (-Thurlow),F,18.0,167.0,,Australia,AUS,1956 Summer,1956,Summer,Melbourne,Swimming,Swimming Women's 400 metres Freestyle,Gold
23694,Lorraine Joyce Crapp (-Thurlow),F,18.0,167.0,,Australia,AUS,1956 Summer,1956,Summer,Melbourne,Swimming,Swimming Women's 4 x 100 metres Freestyle Relay,Gold
23694,Lorraine Joyce Crapp (-Thurlow),F,21.0,167.0,,Australia,AUS,1960 Summer,1960,Summer,Roma,Swimming,Swimming Women's 4 x 100 metres Freestyle Relay,Silver
23729,David William Crawshay,M,28.0,191.0,89.0,Australia,AUS,2008 Summer,2008,Summer,Beijing,Rowing,Rowing Men's Double Sculls,Gold
23888,Norma Wilson Croker-Fleming,F,22.0,173.0,61.0,Australia,AUS,1956 Summer,1956,Summer,Melbourne,Athletics,Athletics Women's 4 x 100 metres Relay,Gold
23905,Kylie Cronk,F,24.0,169.0,58.0,Australia,AUS,2008 Summer,2008,Summer,Beijing,Softball,Softball Women's Softball,Bronze
23957,Mervyn Richard Crossman,M,29.0,175.0,84.0,Australia,AUS,1964 Summer,1964,Summer,Tokyo,Hockey,Hockey Men's Hockey,Bronze
23988,"Kimberley ""Kim"" Crow-Brennan",F,26.0,188.0,74.0,Australia,AUS,2012 Summer,2012,Summer,London,Rowing,Rowing Women's Single Sculls,Bronze
23988,"Kimberley ""Kim"" Crow-Brennan",F,26.0,188.0,74.0,Australia,AUS,2012 Summer,2012,Summer,London,Rowing,Rowing Women's Double Sculls,Silver
23988,"Kimberley ""Kim"" Crow-Brennan",F,30.0,188.0,74.0,Australia,AUS,2016 Summer,2016,Summer,Rio de Janeiro,Rowing,Rowing Women's Single Sculls,Gold
24013,Carolyn Crudgington,F,27.0,168.0,67.0,Australia,AUS,1996 Summer,1996,Summer,Atlanta,Softball,Softball Women's Softball,Bronze
24182,"Timothy John ""Tim"" Cuddihy",M,17.0,184.0,84.0,Australia,AUS,2004 Summer,2004,Summer,Athina,Archery,Archery Men's Individual,Bronze
24226,Nikita Cuffe,F,28.0,179.0,73.0,Australia,AUS,2008 Summer,2008,Summer,Beijing,Water Polo,Water Polo Women's Water Polo,Bronze
24316,John Bruce Cuneo,M,44.0,168.0,66.0,Australia,AUS,1972 Summer,1972,Summer,Munich,Sailing,Sailing Mixed Three Person Keelboat,Gold
24370,Ben Cureton,M,23.0,184.0,70.0,Australia,AUS,2004 Summer,2004,Summer,Athina,Rowing,Rowing Men's Lightweight Coxless Fours,Silver
24422,Nina Curtis,F,24.0,167.0,68.0,Australia,AUS,2012 Summer,2012,Summer,London,Sailing,Sailing Women's Three Person Keelboat,Silver
24435,Robert Stephen Cusack,M,17.0,171.0,70.0,Australia,AUS,1968 Summer,1968,Summer,Mexico City,Swimming,Swimming Men's 4 x 100 metres Freestyle Relay,Bronze
24448,"Elizabeth Alyse ""Betty"" Cuthbert",F,18.0,169.0,57.0,Australia,AUS,1956 Summer,1956,Summer,Melbourne,Athletics,Athletics Women's 100 metres,Gold
24448,"Elizabeth Alyse ""Betty"" Cuthbert",F,18.0,169.0,57.0,Australia,AUS,1956 Summer,1956,Summer,Melbourne,Athletics,Athletics Women's 200 metres,Gold
24448,"Elizabeth Alyse ""Betty"" Cuthbert",F,18.0,169.0,57.0,Australia,AUS,1956 Summer,1956,Summer,Melbourne,Athletics,Athletics Women's 4 x 100 metres Relay,Gold
24448,"Elizabeth Alyse ""Betty"" Cuthbert",F,26.0,169.0,57.0,Australia,AUS,1964 Summer,1964,Summer,Tokyo,Athletics,Athletics Women's 400 metres,Gold
25036,Chloe Elysha Dalton,F,23.0,180.0,72.0,Australia,AUS,2016 Summer,2016,Summer,Rio de Janeiro,Rugby Sevens,Rugby Sevens Women's Rugby Sevens,Gold
25143,Barry Dancer,M,23.0,178.0,67.0,Australia,AUS,1976 Summer,1976,Summer,Montreal,Hockey,Hockey Men's Hockey,Silver
25384,Lisa Darmanin,F,24.0,168.0,65.0,Australia,AUS,2016 Summer,2016,Summer,Rio de Janeiro,Sailing,Sailing Mixed Multihull,Silver
25543,Lara Shiree Davenport,F,24.0,174.0,63.0,Australia,AUS,2008 Summer,2008,Summer,Beijing,Swimming,Swimming Women's 4 x 200 metres Freestyle Relay,Gold
25622,Grant Jon Davies,M,25.0,173.0,80.0,Australia,AUS,1988 Summer,1988,Summer,Seoul,Canoeing,"Canoeing Men's Kayak Singles, 1,000 metres",Silver
25632,John Griffith Davies,M,23.0,,,Australia,AUS,1952 Summer,1952,Summer,Helsinki,Swimming,Swimming Men's 200 metres Breaststroke,Gold
25633,"Judith Joy ""Judy-Joy"" Davies",F,20.0,,,Australia,AUS,1948 Summer,1948,Summer,London,Swimming,Swimming Women's 100 metres Backstroke,Bronze
25647,Stephen John Davies,M,23.0,174.0,77.0,Australia,AUS,1992 Summer,1992,Summer,Barcelona,Hockey,Hockey Men's Hockey,Silver
25647,Stephen John Davies,M,27.0,174.0,77.0,Australia,AUS,1996 Summer,1996,Summer,Atlanta,Hockey,Hockey Men's Hockey,Bronze
25647,Stephen John Davies,M,31.0,174.0,77.0,Australia,AUS,2000 Summer,2000,Summer,Sydney,Hockey,Hockey Men's Hockey,Bronze
25687,Hannah Davis,F,22.0,167.0,70.0,Australia,AUS,2008 Summer,2008,Summer,Beijing,Canoeing,"Canoeing Women's Kayak Fours, 500 metres",Bronze
25796,Peter Douglas Dawson,M,22.0,182.0,74.0,Australia,AUS,2004 Summer,2004,Summer,Athina,Cycling,"Cycling Men's Team Pursuit, 4,000 metres",Gold
26804,Liam Andrew De Young,M,22.0,179.0,75.0,Australia,AUS,2004 Summer,2004,Summer,Athina,Hockey,Hockey Men's Hockey,Gold
26804,Liam Andrew De Young,M,26.0,179.0,75.0,Australia,AUS,2008 Summer,2008,Summer,Beijing,Hockey,Hockey Men's Hockey,Bronze
26804,Liam Andrew De Young,M,30.0,179.0,75.0,Australia,AUS,2012 Summer,2012,Summer,London,Hockey,Hockey Men's Hockey,Bronze
26829,Nathan Douglas Deakes,M,26.0,183.0,66.0,Australia,AUS,2004 Summer,2004,Summer,Athina,Athletics,Athletics Men's 20 kilometres Walk,Bronze
26857,Paul Robert Dearing,M,22.0,175.0,79.0,Australia,AUS,1964 Summer,1964,Summer,Tokyo,Hockey,Hockey Men's Hockey,Bronze
26857,Paul Robert Dearing,M,26.0,175.0,79.0,Australia,AUS,1968 Summer,1968,Summer,Mexico City,Hockey,Hockey Men's Hockey,Silver
26861,Timothy Deavin,M,27.0,185.0,77.0,Australia,AUS,2012 Summer,2012,Summer,London,Hockey,Hockey Men's Hockey,Bronze
27181,"Ashley Jason ""Ash"" Delaney",M,22.0,185.0,82.0,Australia,AUS,2008 Summer,2008,Summer,Beijing,Swimming,Swimming Men's 4 x 100 metres Medley Relay,Silver
27192,Michael William Delany,M,18.0,182.0,84.0,Australia,AUS,1984 Summer,1984,Summer,Los Angeles,Swimming,Swimming Men's 4 x 100 metres Freestyle Relay,Silver
27549,Patricia Dench,F,52.0,163.0,65.0,Australia,AUS,1984 Summer,1984,Summer,Los Angeles,Shooting,"Shooting Women's Sporting Pistol, 25 metres",Bronze
27618,Helen Jennifer Denman,F,19.0,182.0,70.0,Australia,AUS,1996 Summer,1996,Summer,Atlanta,Swimming,Swimming Women's 4 x 100 metres Medley Relay,Silver
27629,"Clara ""Clare"" Dennis (-Golding)",F,16.0,,,Australia,AUS,1932 Summer,1932,Summer,Los Angeles,Swimming,Swimming Women's 200 metres Breaststroke,Gold
27635,Rohan Dennis,M,22.0,182.0,72.0,Australia,AUS,2012 Summer,2012,Summer,London,Cycling,"Cycling Men's Team Pursuit, 4,000 metres",Silver
27646,Erin Densham,F,27.0,165.0,52.0,Australia,AUS,2012 Summer,2012,Summer,London,Triathlon,Triathlon Women's Olympic Distance,Bronze
27959,John Thomas Devitt,M,19.0,185.0,85.0,Australia,AUS,1956 Summer,1956,Summer,Melbourne,Swimming,Swimming Men's 100 metres Freestyle,Silver
27959,John Thomas Devitt,M,19.0,185.0,85.0,Australia,AUS,1956 Summer,1956,Summer,Melbourne,Swimming,Swimming Men's 4 x 200 metres Freestyle Relay,Gold
27959,John Thomas Devitt,M,23.0,185.0,85.0,Australia,AUS,1960 Summer,1960,Summer,Roma,Swimming,Swimming Men's 100 metres Freestyle,Gold
27959,John Thomas Devitt,M,23.0,185.0,85.0,Australia,AUS,1960 Summer,1960,Summer,Roma,Swimming,Swimming Men's 4 x 200 metres Freestyle Relay,Bronze
27987,Steven Dennis Dewick,M,20.0,178.0,82.0,Australia,AUS,1996 Summer,1996,Summer,Atlanta,Swimming,Swimming Men's 4 x 100 metres Medley Relay,Bronze
28172,Michael Constantine Diamond (Diamondopoulous-),M,24.0,174.0,75.0,Australia,AUS,1996 Summer,1996,Summer,Atlanta,Shooting,Shooting Men's Trap,Gold
28172,Michael Constantine Diamond (Diamondopoulous-),M,28.0,174.0,75.0,Australia,AUS,2000 Summer,2000,Summer,Sydney,Shooting,Shooting Men's Trap,Gold
28368,David Gavin Dickson,M,19.0,179.0,76.0,Australia,AUS,1960 Summer,1960,Summer,Roma,Swimming,Swimming Men's 4 x 200 metres Freestyle Relay,Bronze
28368,David Gavin Dickson,M,23.0,179.0,76.0,Australia,AUS,1964 Summer,1964,Summer,Tokyo,Swimming,Swimming Men's 4 x 100 metres Freestyle Relay,Bronze
28368,David Gavin Dickson,M,23.0,179.0,76.0,Australia,AUS,1964 Summer,1964,Summer,Tokyo,Swimming,Swimming Men's 4 x 100 metres Medley Relay,Bronze
28375,Peter James Dickson,M,23.0,195.0,98.0,Australia,AUS,1968 Summer,1968,Summer,Mexico City,Rowing,Rowing Men's Coxed Eights,Silver
28429,Kerry Dienelt,F,27.0,174.0,65.0,Australia,AUS,1996 Summer,1996,Summer,Atlanta,Softball,Softball Women's Softball,Bronze
28429,Kerry Dienelt,F,31.0,174.0,65.0,Australia,AUS,2000 Summer,2000,Summer,Sydney,Softball,Softball Women's Softball,Bronze
28530,Damon Laurance Diletti,M,21.0,178.0,86.0,Australia,AUS,1992 Summer,1992,Summer,Barcelona,Hockey,Hockey Men's Hockey,Silver
28530,Damon Laurance Diletti,M,25.0,178.0,86.0,Australia,AUS,1996 Summer,1996,Summer,Atlanta,Hockey,Hockey Men's Hockey,Bronze
28530,Damon Laurance Diletti,M,29.0,178.0,86.0,Australia,AUS,2000 Summer,2000,Summer,Sydney,Hockey,Hockey Men's Hockey,Bronze
28926,Tommaso D'Orsogna,M,21.0,190.0,84.0,Australia,AUS,2012 Summer,2012,Summer,London,Swimming,Swimming Men's 4 x 100 metres Medley Relay,Bronze
28945,Peter John Doak,M,20.0,,,Australia,AUS,1964 Summer,1964,Summer,Tokyo,Swimming,Swimming Men's 4 x 100 metres Freestyle Relay,Bronze
29017,Louise Karen Dobson,F,23.0,173.0,67.0,Australia,AUS,1996 Summer,1996,Summer,Atlanta,Hockey,Hockey Women's Hockey,Gold
29071,"Benjamin Philip ""Ben"" Dodwell",M,28.0,200.0,98.0,Australia,AUS,2000 Summer,2000,Summer,Sydney,Rowing,Rowing Men's Coxless Fours,Bronze
29082,Luke Doerner,M,28.0,192.0,90.0,Australia,AUS,2008 Summer,2008,Summer,Beijing,Hockey,Hockey Men's Hockey,Bronze
29217,Amanda Doman,F,26.0,178.0,70.0,Australia,AUS,2004 Summer,2004,Summer,Athina,Softball,Softball Women's Softball,Silver
29519,Loretta Dorman,F,25.0,165.0,61.0,Australia,AUS,1988 Summer,1988,Summer,Seoul,Hockey,Hockey Women's Hockey,Gold
29655,Ralph Douglas Doubell,M,23.0,180.0,65.0,Australia,AUS,1968 Summer,1968,Summer,Mexico City,Athletics,Athletics Men's 800 metres,Gold
29678,David G. A. Douglas,M,21.0,198.0,94.0,Australia,AUS,1968 Summer,1968,Summer,Mexico City,Rowing,Rowing Men's Coxed Eights,Silver
29811,Brian John Doyle,M,26.0,,,Australia,AUS,1956 Summer,1956,Summer,Melbourne,Rowing,Rowing Men's Coxed Eights,Bronze
29965,Lachlan George Dreher,M,25.0,175.0,77.0,Australia,AUS,1992 Summer,1992,Summer,Barcelona,Hockey,Hockey Men's Hockey,Silver
29965,Lachlan George Dreher,M,29.0,175.0,77.0,Australia,AUS,1996 Summer,1996,Summer,Atlanta,Hockey,Hockey Men's Hockey,Bronze
29965,Lachlan George Dreher,M,33.0,175.0,77.0,Australia,AUS,2000 Summer,2000,Summer,Sydney,Hockey,Hockey Men's Hockey,Bronze
30426,Jason Paul Duff,M,27.0,184.0,78.0,Australia,AUS,2000 Summer,2000,Summer,Sydney,Hockey,Hockey Men's Hockey,Bronze
30664,Joshua Dunkley-Smith,M,23.0,194.0,98.0,Australia,AUS,2012 Summer,2012,Summer,London,Rowing,Rowing Men's Coxless Fours,Silver
30664,Joshua Dunkley-Smith,M,27.0,194.0,98.0,Australia,AUS,2016 Summer,2016,Summer,Rio de Janeiro,Rowing,Rowing Men's Coxless Fours,Silver
30916,Brett Allan Dutton,M,21.0,180.0,72.0,Australia,AUS,1988 Summer,1988,Summer,Seoul,Cycling,"Cycling Men's Team Pursuit, 4,000 metres",Bronze
30918,Phillip Peter Dutton,M,32.0,168.0,68.0,Australia,AUS,1996 Summer,1996,Summer,Atlanta,Equestrianism,"Equestrianism Mixed Three-Day Event, Team",Gold
30918,Phillip Peter Dutton,M,37.0,168.0,68.0,Australia,AUS,2000 Summer,2000,Summer,Sydney,Equestrianism,"Equestrianism Mixed Three-Day Event, Team",Gold
30928,"Alfred Walter ""Alf"" Duval",M,27.0,190.0,91.0,Australia,AUS,1968 Summer,1968,Summer,Mexico City,Rowing,Rowing Men's Coxed Eights,Silver
31015,Jamie Raymond Dwyer,M,25.0,172.0,68.0,Australia,AUS,2004 Summer,2004,Summer,Athina,Hockey,Hockey Men's Hockey,Gold
31015,Jamie Raymond Dwyer,M,29.0,172.0,68.0,Australia,AUS,2008 Summer,2008,Summer,Beijing,Hockey,Hockey Men's Hockey,Bronze
31015,Jamie Raymond Dwyer,M,33.0,172.0,68.0,Australia,AUS,2012 Summer,2012,Summer,London,Hockey,Hockey Men's Hockey,Bronze
31019,"Patrick ""Pat"" Dwyer",M,26.0,186.0,81.0,Australia,AUS,2004 Summer,2004,Summer,Athina,Athletics,Athletics Men's 4 x 400 metres Relay,Silver
31165,Sean Patrick Eadie,M,31.0,183.0,98.0,Australia,AUS,2000 Summer,2000,Summer,Sydney,Cycling,Cycling Men's Team Sprint,Bronze
31370,Peta Louise Edebone,F,27.0,176.0,70.0,Australia,AUS,1996 Summer,1996,Summer,Atlanta,Softball,Softball Women's Softball,Bronze
31370,Peta Louise Edebone,F,31.0,176.0,70.0,Australia,AUS,2000 Summer,2000,Summer,Sydney,Softball,Softball Women's Softball,Bronze
31370,Peta Louise Edebone,F,35.0,176.0,70.0,Australia,AUS,2004 Summer,2004,Summer,Athina,Softball,Softball Women's Softball,Silver
31433,"Alexander ""Alex"" Edmondson",M,22.0,184.0,76.0,Australia,AUS,2016 Summer,2016,Summer,Rio de Janeiro,Cycling,"Cycling Men's Team Pursuit, 4,000 metres",Silver
31434,Annette Edmondson,F,20.0,171.0,65.0,Australia,AUS,2012 Summer,2012,Summer,London,Cycling,Cycling Women's Omnium,Bronze
31439,Ian Edmunds,M,22.0,198.0,94.0,Australia,AUS,1984 Summer,1984,Summer,Los Angeles,Rowing,Rowing Men's Coxed Eights,Bronze
31473,Anthony John Edwards,M,23.0,183.0,72.0,Australia,AUS,1996 Summer,1996,Summer,Atlanta,Rowing,Rowing Men's Lightweight Double Sculls,Bronze
31473,Anthony John Edwards,M,27.0,183.0,72.0,Australia,AUS,2000 Summer,2000,Summer,Sydney,Rowing,Rowing Men's Lightweight Coxless Fours,Silver
31473,Anthony John Edwards,M,31.0,183.0,72.0,Australia,AUS,2004 Summer,2004,Summer,Athina,Rowing,Rowing Men's Lightweight Coxless Fours,Silver
31604,Nathan John Eglington,M,23.0,182.0,83.0,Australia,AUS,2004 Summer,2004,Summer,Athina,Hockey,Hockey Men's Hockey,Gold
32226,Troy Elder,M,22.0,180.0,84.0,Australia,AUS,2000 Summer,2000,Summer,Sydney,Hockey,Hockey Men's Hockey,Bronze
32226,Troy Elder,M,26.0,180.0,84.0,Australia,AUS,2004 Summer,2004,Summer,Athina,Hockey,Hockey Men's Hockey,Gold
32339,"Herbert James ""Herb"" Elliott",M,22.0,181.0,68.0,Australia,AUS,1960 Summer,1960,Summer,Roma,Athletics,"Athletics Men's 1,500 metres",Gold
32394,"James Andrew ""Jimmy"" Elmer",M,29.0,176.0,53.0,Australia,AUS,2000 Summer,2000,Summer,Sydney,Hockey,Hockey Men's Hockey,Bronze
32396,Lachlan Anthony Elmer,M,23.0,191.0,87.0,Australia,AUS,1992 Summer,1992,Summer,Barcelona,Hockey,Hockey Men's Hockey,Silver
32396,Lachlan Anthony Elmer,M,27.0,191.0,87.0,Australia,AUS,1996 Summer,1996,Summer,Atlanta,Hockey,Hockey Men's Hockey,Bronze
32407,Brittany Joyce Elmslie,F,18.0,179.0,73.0,Australia,AUS,2012 Summer,2012,Summer,London,Swimming,Swimming Women's 4 x 100 metres Freestyle Relay,Gold
32407,Brittany Joyce Elmslie,F,18.0,179.0,73.0,Australia,AUS,2012 Summer,2012,Summer,London,Swimming,Swimming Women's 4 x 200 metres Freestyle Relay,Silver
32407,Brittany Joyce Elmslie,F,18.0,179.0,73.0,Australia,AUS,2012 Summer,2012,Summer,London,Swimming,Swimming Women's 4 x 100 metres Medley Relay,Silver
32407,Brittany Joyce Elmslie,F,22.0,179.0,73.0,Australia,AUS,2016 Summer,2016,Summer,Rio de Janeiro,Swimming,Swimming Women's 4 x 100 metres Freestyle Relay,Gold
32407,Brittany Joyce Elmslie,F,22.0,179.0,73.0,Australia,AUS,2016 Summer,2016,Summer,Rio de Janeiro,Swimming,Swimming Women's 4 x 100 metres Medley Relay,Silver
33241,Chloe Esposito,F,24.0,168.0,55.0,Australia,AUS,2016 Summer,2016,Summer,Rio de Janeiro,Modern Pentathlon,Modern Pentathlon Women's Individual,Gold
33360,Gemma Etheridge,F,29.0,169.0,66.0,Australia,AUS,2016 Summer,2016,Summer,Rio de Janeiro,Rugby Sevens,Rugby Sevens Women's Rugby Sevens,Gold
33431,Blair Catherine Evans,F,21.0,175.0,65.0,Australia,AUS,2012 Summer,2012,Summer,London,Swimming,Swimming Women's 4 x 200 metres Freestyle Relay,Silver
33437,Dean Michael Evans,M,25.0,,,Australia,AUS,1992 Summer,1992,Summer,Barcelona,Hockey,Hockey Men's Hockey,Silver
33467,Peter Maxwell Evans,M,18.0,190.0,77.0,Australia,AUS,1980 Summer,1980,Summer,Moskva,Swimming,Swimming Men's 100 metres Breaststroke,Bronze
33467,Peter Maxwell Evans,M,18.0,190.0,77.0,Australia,AUS,1980 Summer,1980,Summer,Moskva,Swimming,Swimming Men's 4 x 100 metres Medley Relay,Gold
33467,Peter Maxwell Evans,M,22.0,190.0,77.0,Australia,AUS,1984 Summer,1984,Summer,Los Angeles,Swimming,Swimming Men's 100 metres Breaststroke,Bronze
33467,Peter Maxwell Evans,M,22.0,190.0,77.0,Australia,AUS,1984 Summer,1984,Summer,Los Angeles,Swimming,Swimming Men's 4 x 100 metres Medley Relay,Bronze
33470,"Raymond Garry ""Ray"" Evans",M,25.0,176.0,72.0,Australia,AUS,1964 Summer,1964,Summer,Tokyo,Hockey,Hockey Men's Hockey,Bronze
33470,"Raymond Garry ""Ray"" Evans",M,29.0,176.0,72.0,Australia,AUS,1968 Summer,1968,Summer,Mexico City,Hockey,Hockey Men's Hockey,Silver
33473,"Stephen Frederick ""Steve"" Evans",M,21.0,187.0,83.0,Australia,AUS,1984 Summer,1984,Summer,Los Angeles,Rowing,Rowing Men's Coxed Eights,Bronze
33484,"Richmond Cavill ""Dick"" Eve",M,23.0,168.0,,Australia,AUS,1924 Summer,1924,Summer,Paris,Diving,Diving Men's Plain High,Gold
33527,Ruth Rhonda Everuss,F,16.0,167.0,66.0,Australia,AUS,1960 Summer,1960,Summer,Roma,Swimming,Swimming Women's 4 x 100 metres Freestyle Relay,Silver
33801,"Suzanne Helen ""Sue"" Fairhurst",F,26.0,182.0,68.0,Australia,AUS,2000 Summer,2000,Summer,Sydney,Softball,Softball Women's Softball,Bronze
33805,Simon John Fairweather,M,30.0,175.0,71.0,Australia,AUS,2000 Summer,2000,Summer,Sydney,Archery,Archery Men's Individual,Gold
33873,Dana Faletic,F,27.0,178.0,74.0,Australia,AUS,2004 Summer,2004,Summer,Athina,Rowing,Rowing Women's Quadruple Sculls,Bronze
33927,"Trisha Nicole ""Trish"" Fallon (-Dykstra)",F,23.0,190.0,74.0,Australia,AUS,1996 Summer,1996,Summer,Atlanta,Basketball,Basketball Women's Basketball,Bronze
33927,"Trisha Nicole ""Trish"" Fallon (-Dykstra)",F,28.0,190.0,74.0,Australia,AUS,2000 Summer,2000,Summer,Sydney,Basketball,Basketball Women's Basketball,Silver
33927,"Trisha Nicole ""Trish"" Fallon (-Dykstra)",F,32.0,190.0,74.0,Australia,AUS,2004 Summer,2004,Summer,Athina,Basketball,Basketball Women's Basketball,Silver
34155,Renita Maree Farrell-Garard,F,24.0,167.0,65.0,Australia,AUS,1996 Summer,1996,Summer,Atlanta,Hockey,Hockey Women's Hockey,Gold
34155,Renita Maree Farrell-Garard,F,28.0,167.0,65.0,Australia,AUS,2000 Summer,2000,Summer,Sydney,Hockey,Hockey Women's Hockey,Gold
34184,"Gregory John ""Greg"" Fasala",M,19.0,182.0,79.0,Australia,AUS,1984 Summer,1984,Summer,Los Angeles,Swimming,Swimming Men's 4 x 100 metres Freestyle Relay,Silver
34364,"Joseph Ray ""Joe"" Fazio",M,26.0,182.0,82.0,Australia,AUS,1968 Summer,1968,Summer,Mexico City,Rowing,Rowing Men's Coxed Eights,Silver
34825,Jaime Francisco Fernandez,M,29.0,193.0,103.0,Australia,AUS,2000 Summer,2000,Summer,Sydney,Rowing,Rowing Men's Coxed Eights,Silver
35057,Michelle Louise Ferris,F,19.0,171.0,77.0,Australia,AUS,1996 Summer,1996,Summer,Atlanta,Cycling,Cycling Women's Sprint,Silver
35057,Michelle Louise Ferris,F,23.0,171.0,77.0,Australia,AUS,2000 Summer,2000,Summer,Sydney,Cycling,Cycling Women's 500 metres Time Trial,Silver
35125,"Nicholas David ""Nick"" Ffrost",M,21.0,174.0,70.0,Australia,AUS,2008 Summer,2008,Summer,Beijing,Swimming,Swimming Men's 4 x 200 metres Freestyle Relay,Bronze
35410,Gavin Fingleson,M,28.0,177.0,87.0,Australia,AUS,2004 Summer,2004,Summer,Athina,Baseball,Baseball Men's Baseball,Silver
35422,"Mervyn David ""Merv"" Finlay",M,27.0,,,Australia,AUS,1952 Summer,1952,Summer,Helsinki,Rowing,Rowing Men's Coxed Eights,Bronze
35566,Maree Beverley Fish,F,25.0,161.0,71.0,Australia,AUS,1988 Summer,1988,Summer,Seoul,Hockey,Hockey Women's Hockey,Gold
35698,"Edwin Harold ""Teddy"" Flack",M,22.0,,,Australia/Great Britain,AUS,1896 Summer,1896,Summer,Athina,Tennis,Tennis Men's Doubles,Bronze
35698,"Edwin Harold ""Teddy"" Flack",M,22.0,,,Australia,AUS,1896 Summer,1896,Summer,Athina,Athletics,Athletics Men's 800 metres,Gold
35698,"Edwin Harold ""Teddy"" Flack",M,22.0,,,Australia,AUS,1896 Summer,1896,Summer,Athina,Athletics,"Athletics Men's 1,500 metres",Gold
35851,"Debra Lee ""Debbie"" Flintoff-King",F,28.0,171.0,58.0,Australia,AUS,1988 Summer,1988,Summer,Seoul,Athletics,Athletics Women's 400 metres Hurdles,Gold
36020,Lyndsie Fogarty,F,24.0,174.0,70.0,Australia,AUS,2008 Summer,2008,Summer,Beijing,Canoeing,"Canoeing Women's Kayak Fours, 500 metres",Bronze
36085,Selina Follas,F,24.0,167.0,64.0,Australia,AUS,2000 Summer,2000,Summer,Sydney,Softball,Softball Women's Softball,Bronze
36205,David John Oliver Forbes,M,38.0,185.0,100.0,Australia,AUS,1972 Summer,1972,Summer,Munich,Sailing,Sailing Mixed Two Person Keelboat,Gold
36208,John Robert Forbes,M,22.0,181.0,78.0,Australia,AUS,1992 Summer,1992,Summer,Barcelona,Sailing,Sailing Mixed Multihull,Bronze
36208,John Robert Forbes,M,30.0,181.0,78.0,Australia,AUS,2000 Summer,2000,Summer,Sydney,Sailing,Sailing Mixed Multihull,Silver
36236,Michelle Jan Ford (-Eriksson),F,18.0,159.0,54.0,Australia,AUS,1980 Summer,1980,Summer,Moskva,Swimming,Swimming Women's 800 metres Freestyle,Gold
36236,Michelle Jan Ford (-Eriksson),F,18.0,159.0,54.0,Australia,AUS,1980 Summer,1980,Summer,Moskva,Swimming,Swimming Women's 200 metres Butterfly,Bronze
36240,Russell Ford,M,28.0,181.0,77.0,Australia,AUS,2012 Summer,2012,Summer,London,Hockey,Hockey Men's Hockey,Bronze
36251,Annemarie Forder,F,22.0,175.0,77.0,Australia,AUS,2000 Summer,2000,Summer,Sydney,Shooting,"Shooting Women's Air Pistol, 10 metres",Bronze
36350,Karsten Forsterling,M,32.0,191.0,88.0,Australia,AUS,2012 Summer,2012,Summer,London,Rowing,Rowing Men's Quadruple Sculls,Bronze
36350,Karsten Forsterling,M,36.0,191.0,88.0,Australia,AUS,2016 Summer,2016,Summer,Rio de Janeiro,Rowing,Rowing Men's Quadruple Sculls,Silver
36356,"Timothy Charles ""Tim"" Forsyth",M,18.0,199.0,78.0,Australia,AUS,1992 Summer,1992,Summer,Barcelona,Athletics,Athletics Men's High Jump,Bronze
36434,Margot Elizabeth Foster,F,25.0,180.0,74.0,Australia,AUS,1984 Summer,1984,Summer,Los Angeles,Rowing,Rowing Women's Coxed Fours,Bronze
36439,Peter Foster,M,28.0,181.0,80.0,Australia,AUS,1988 Summer,1988,Summer,Seoul,Canoeing,"Canoeing Men's Kayak Doubles, 1,000 metres",Bronze
36567,"Jessica Esther ""Jess"" Fox",F,18.0,166.0,60.0,Australia,AUS,2012 Summer,2012,Summer,London,Canoeing,"Canoeing Women's Kayak Singles, Slalom",Silver
36567,"Jessica Esther ""Jess"" Fox",F,22.0,166.0,60.0,Australia,AUS,2016 Summer,2016,Summer,Rio de Janeiro,Canoeing,"Canoeing Women's Kayak Singles, Slalom",Bronze
36569,Joanne Kylie Fox,F,21.0,182.0,72.0,Australia,AUS,2000 Summer,2000,Summer,Sydney,Water Polo,Water Polo Women's Water Polo,Gold
36840,Dawn Lorraine Fraser,F,19.0,172.0,67.0,Australia,AUS,1956 Summer,1956,Summer,Melbourne,Swimming,Swimming Women's 100 metres Freestyle,Gold
36840,Dawn Lorraine Fraser,F,19.0,172.0,67.0,Australia,AUS,1956 Summer,1956,Summer,Melbourne,Swimming,Swimming Women's 400 metres Freestyle,Silver
36840,Dawn Lorraine Fraser,F,19.0,172.0,67.0,Australia,AUS,1956 Summer,1956,Summer,Melbourne,Swimming,Swimming Women's 4 x 100 metres Freestyle Relay,Gold
36840,Dawn Lorraine Fraser,F,22.0,172.0,67.0,Australia,AUS,1960 Summer,1960,Summer,Roma,Swimming,Swimming Women's 100 metres Freestyle,Gold
36840,Dawn Lorraine Fraser,F,22.0,172.0,67.0,Australia,AUS,1960 Summer,1960,Summer,Roma,Swimming,Swimming Women's 4 x 100 metres Freestyle Relay,Silver
36840,Dawn Lorraine Fraser,F,22.0,172.0,67.0,Australia,AUS,1960 Summer,1960,Summer,Roma,Swimming,Swimming Women's 4 x 100 metres Medley Relay,Silver
36840,Dawn Lorraine Fraser,F,27.0,172.0,67.0,Australia,AUS,1964 Summer,1964,Summer,Tokyo,Swimming,Swimming Women's 100 metres Freestyle,Gold
36840,Dawn Lorraine Fraser,F,27.0,172.0,67.0,Australia,AUS,1964 Summer,1964,Summer,Tokyo,Swimming,Swimming Women's 4 x 100 metres Freestyle Relay,Silver
36843,Elizabeth Fraser (-Walker),F,15.0,,,Australia,AUS,1956 Summer,1956,Summer,Melbourne,Swimming,Swimming Women's 4 x 100 metres Freestyle Relay,Gold
36865,"Suzannah ""Suzie"" Fraser",F,19.0,175.0,63.0,Australia,AUS,2008 Summer,2008,Summer,Beijing,Water Polo,Water Polo Women's Water Polo,Bronze
36931,Clayton Fredericks,M,40.0,185.0,87.0,Australia,AUS,2008 Summer,2008,Summer,Beijing,Equestrianism,"Equestrianism Mixed Three-Day Event, Team",Silver
36935,Lucinda Fredericks (Murray-),F,42.0,180.0,62.0,Australia,AUS,2008 Summer,2008,Summer,Beijing,Equestrianism,"Equestrianism Mixed Three-Day Event, Team",Silver
36967,Duncan Seth Free,M,23.0,200.0,100.0,Australia,AUS,1996 Summer,1996,Summer,Atlanta,Rowing,Rowing Men's Quadruple Sculls,Bronze
36967,Duncan Seth Free,M,35.0,200.0,100.0,Australia,AUS,2008 Summer,2008,Summer,Beijing,Rowing,Rowing Men's Coxless Pairs,Gold
36975,"Catherine Astrid Salome ""Cathy"" Freeman",F,23.0,164.0,56.0,Australia,AUS,1996 Summer,1996,Summer,Atlanta,Athletics,Athletics Women's 400 metres,Silver
36975,"Catherine Astrid Salome ""Cathy"" Freeman",F,27.0,164.0,56.0,Australia,AUS,2000 Summer,2000,Summer,Sydney,Athletics,Athletics Women's 400 metres,Gold
36994,Noel Frederick Freeman,M,21.0,173.0,67.0,Australia,AUS,1960 Summer,1960,Summer,Roma,Athletics,Athletics Men's 20 kilometres Walk,Silver
37740,"Christopher John ""Chris"" Fydler",M,27.0,197.0,91.0,Australia,AUS,2000 Summer,2000,Summer,Sydney,Swimming,Swimming Men's 4 x 100 metres Freestyle Relay,Gold
37920,"Francis ""Frank"" Gailey",M,22.0,,,Australia,AUS,1904 Summer,1904,Summer,St. Louis,Swimming,Swimming Men's 220 yard Freestyle,Silver
37920,"Francis ""Frank"" Gailey",M,22.0,,,Australia,AUS,1904 Summer,1904,Summer,St. Louis,Swimming,Swimming Men's 440 yard Freestyle,Silver
37920,"Francis ""Frank"" Gailey",M,22.0,,,Australia,AUS,1904 Summer,1904,Summer,St. Louis,Swimming,Swimming Men's 880 yard Freestyle,Silver
37920,"Francis ""Frank"" Gailey",M,22.0,,,Australia,AUS,1904 Summer,1904,Summer,St. Louis,Swimming,Swimming Men's One Mile Freestyle,Bronze
38195,Felicity Madeline Galvez,F,23.0,167.0,58.0,Australia,AUS,2008 Summer,2008,Summer,Beijing,Swimming,Swimming Women's 4 x 200 metres Freestyle Relay,Gold
38195,Felicity Madeline Galvez,F,23.0,167.0,58.0,Australia,AUS,2008 Summer,2008,Summer,Beijing,Swimming,Swimming Women's 4 x 100 metres Medley Relay,Gold
38452,Brendan James Garard,M,24.0,176.0,74.0,Australia,AUS,1996 Summer,1996,Summer,Atlanta,Hockey,Hockey Men's Hockey,Bronze
38851,"Richard Edward ""Dick"" Garrard",M,37.0,168.0,,Australia,AUS,1948 Summer,1948,Summer,London,Wrestling,"Wrestling Men's Welterweight, Freestyle",Silver
38866,Murray Garretty,M,,,,Australia,AUS,1956 Summer,1956,Summer,Melbourne,Swimming,Swimming Men's 4 x 200 metres Freestyle Relay,Gold
39028,"Terrence Steven ""Terry"" Gathercole",M,24.0,177.0,76.0,Australia,AUS,1960 Summer,1960,Summer,Roma,Swimming,Swimming Men's 4 x 100 metres Medley Relay,Silver
39081,Paul Charles Gaudoin,M,20.0,172.0,73.0,Australia,AUS,1996 Summer,1996,Summer,Atlanta,Hockey,Hockey Men's Hockey,Bronze
39081,Paul Charles Gaudoin,M,25.0,172.0,73.0,Australia,AUS,2000 Summer,2000,Summer,Sydney,Hockey,Hockey Men's Hockey,Bronze
39542,Bevan Christopher George,M,27.0,190.0,87.0,Australia,AUS,2004 Summer,2004,Summer,Athina,Hockey,Hockey Men's Hockey,Gold
39542,Bevan Christopher George,M,31.0,190.0,87.0,Australia,AUS,2008 Summer,2008,Summer,Beijing,Hockey,Hockey Men's Hockey,Bronze
40176,Margaret Percival Gibson (-Messenger),F,18.0,,,Australia,AUS,1956 Summer,1956,Summer,Melbourne,Swimming,Swimming Women's 4 x 100 metres Freestyle Relay,Gold
40289,David James Giles,M,31.0,183.0,106.0,Australia,AUS,1996 Summer,1996,Summer,Atlanta,Sailing,Sailing Mixed Two Person Keelboat,Bronze
40399,Rebecca Ellen Gilmore (-Manuel),F,21.0,165.0,60.0,Australia,AUS,2000 Summer,2000,Summer,Sydney,Diving,Diving Women's Synchronized Platform,Bronze
40449,Drew Cameron Ginn,M,21.0,195.0,85.0,Australia,AUS,1996 Summer,1996,Summer,Atlanta,Rowing,Rowing Men's Coxless Fours,Gold
40449,Drew Cameron Ginn,M,29.0,195.0,85.0,Australia,AUS,2004 Summer,2004,Summer,Athina,Rowing,Rowing Men's Coxless Pairs,Gold
40449,Drew Cameron Ginn,M,33.0,195.0,85.0,Australia,AUS,2008 Summer,2008,Summer,Beijing,Rowing,Rowing Men's Coxless Pairs,Gold
40449,Drew Cameron Ginn,M,37.0,195.0,85.0,Australia,AUS,2012 Summer,2012,Summer,London,Rowing,Rowing Men's Coxless Fours,Silver
40514,Graham Chater Gipson,M,24.0,,,Australia,AUS,1956 Summer,1956,Summer,Melbourne,Athletics,Athletics Men's 4 x 400 metres Relay,Silver
40549,Cameron Girdlestone,M,28.0,190.0,92.0,Australia,AUS,2016 Summer,2016,Summer,Rio de Janeiro,Rowing,Rowing Men's Quadruple Sculls,Silver
40763,Brian Alan Glencross,M,23.0,175.0,79.0,Australia,AUS,1964 Summer,1964,Summer,Tokyo,Hockey,Hockey Men's Hockey,Bronze
40763,Brian Alan Glencross,M,27.0,175.0,79.0,Australia,AUS,1968 Summer,1968,Summer,Mexico City,Hockey,Hockey Men's Hockey,Silver
41025,Taniele Gofers,F,23.0,183.0,80.0,Australia,AUS,2008 Summer,2008,Summer,Beijing,Water Polo,Water Polo Women's Water Polo,Bronze
41061,"Matthew ""Matt"" Gohdes",M,22.0,180.0,80.0,Australia,AUS,2012 Summer,2012,Summer,London,Hockey,Hockey Men's Hockey,Bronze
41117,"Douglas James ""Doug"" Golder",M,28.0,167.0,60.0,Australia,AUS,1976 Summer,1976,Summer,Montreal,Hockey,Hockey Men's Hockey,Silver
41627,Paul Gonzalez,M,35.0,186.0,86.0,Australia,AUS,2004 Summer,2004,Summer,Athina,Baseball,Baseball Men's Baseball,Silver
41699,John William Goodman,M,19.0,,,Australia,AUS,1956 Summer,1956,Summer,Melbourne,Athletics,Athletics Men's 4 x 400 metres Relay,Silver
41702,Scott Linton Goodman,M,22.0,184.0,77.0,Australia,AUS,1996 Summer,1996,Summer,Atlanta,Swimming,Swimming Men's 200 metres Butterfly,Bronze
41792,Alastair Gordon,M,23.0,193.0,91.0,Australia,AUS,2000 Summer,2000,Summer,Sydney,Rowing,Rowing Men's Coxed Eights,Silver
41881,Shelley Ann Gorman-Sandie,F,27.0,181.0,73.0,Australia,AUS,1996 Summer,1996,Summer,Atlanta,Basketball,Basketball Women's Basketball,Bronze
41881,Shelley Ann Gorman-Sandie,F,31.0,181.0,73.0,Australia,AUS,2000 Summer,2000,Summer,Sydney,Basketball,Basketball Women's Basketball,Silver
41952,Richard Kevan Gosper,M,22.0,188.0,77.0,Australia,AUS,1956 Summer,1956,Summer,Melbourne,Athletics,Athletics Men's 4 x 400 metres Relay,Silver
42065,"Shane Elizabeth Gould (-Innis, -Nelms)",F,15.0,171.0,59.0,Australia,AUS,1972 Summer,1972,Summer,Munich,Swimming,Swimming Women's 100 metres Freestyle,Bronze
42065,"Shane Elizabeth Gould (-Innis, -Nelms)",F,15.0,171.0,59.0,Australia,AUS,1972 Summer,1972,Summer,Munich,Swimming,Swimming Women's 200 metres Freestyle,Gold
42065,"Shane Elizabeth Gould (-Innis, -Nelms)",F,15.0,171.0,59.0,Australia,AUS,1972 Summer,1972,Summer,Munich,Swimming,Swimming Women's 400 metres Freestyle,Gold
42065,"Shane Elizabeth Gould (-Innis, -Nelms)",F,15.0,171.0,59.0,Australia,AUS,1972 Summer,1972,Summer,Munich,Swimming,Swimming Women's 800 metres Freestyle,Silver
42065,"Shane Elizabeth Gould (-Innis, -Nelms)",F,15.0,171.0,59.0,Australia,AUS,1972 Summer,1972,Summer,Munich,Swimming,Swimming Women's 200 metres Individual Medley,Gold
42118,Kieran Govers,M,24.0,179.0,76.0,Australia,AUS,2012 Summer,2012,Summer,London,Hockey,Hockey Men's Hockey,Bronze
42267,Elka Graham (-Whalan),F,18.0,187.0,67.0,Australia,AUS,2000 Summer,2000,Summer,Sydney,Swimming,Swimming Women's 4 x 200 metres Freestyle Relay,Silver
42276,Kelvin John Graham,M,24.0,179.0,84.0,Australia,AUS,1988 Summer,1988,Summer,Seoul,Canoeing,"Canoeing Men's Kayak Doubles, 1,000 metres",Bronze
42276,Kelvin John Graham,M,28.0,179.0,84.0,Australia,AUS,1992 Summer,1992,Summer,Barcelona,Canoeing,"Canoeing Men's Kayak Fours, 1,000 metres",Bronze
42523,"Edgar Laurence ""Dunc"" Gray",M,21.0,,,Australia,AUS,1928 Summer,1928,Summer,Amsterdam,Cycling,"Cycling Men's 1,000 metres Time Trial",Bronze
42523,"Edgar Laurence ""Dunc"" Gray",M,26.0,,,Australia,AUS,1932 Summer,1932,Summer,Los Angeles,Cycling,"Cycling Men's 1,000 metres Time Trial",Gold
42619,David Michael Green,M,32.0,183.0,70.0,Australia,AUS,1992 Summer,1992,Summer,Barcelona,Equestrianism,"Equestrianism Mixed Three-Day Event, Team",Gold
42621,Dennis Allan Green,M,25.0,178.0,79.0,Australia,AUS,1956 Summer,1956,Summer,Melbourne,Canoeing,"Canoeing Men's Kayak Doubles, 10,000 metres",Bronze
42623,Ellia Green,F,23.0,172.0,75.0,Australia,AUS,2016 Summer,2016,Summer,Rio de Janeiro,Rugby Sevens,Rugby Sevens Women's Rugby Sevens,Gold
42642,"Nicholas David ""Nick"" Green",M,24.0,196.0,88.0,Australia,AUS,1992 Summer,1992,Summer,Barcelona,Rowing,Rowing Men's Coxless Fours,Gold
42642,"Nicholas David ""Nick"" Green",M,28.0,196.0,88.0,Australia,AUS,1996 Summer,1996,Summer,Atlanta,Rowing,Rowing Men's Coxless Fours,Gold
42693,"Nimrod ""Nim"" Greenwood",M,22.0,,,Australia,AUS,1952 Summer,1952,Summer,Helsinki,Rowing,Rowing Men's Coxed Eights,Bronze
42738,"Leonard Stuart ""Leon"" Gregory",M,23.0,,,Australia,AUS,1956 Summer,1956,Summer,Melbourne,Athletics,Athletics Men's 4 x 400 metres Relay,Silver
42771,Michael Ronald Grenda,M,22.0,177.0,70.0,Australia,AUS,1984 Summer,1984,Summer,Los Angeles,Cycling,"Cycling Men's Team Pursuit, 4,000 metres",Gold
42806,Julia Emma Greville (-Radley),F,17.0,178.0,67.0,Australia,AUS,1996 Summer,1996,Summer,Atlanta,Swimming,Swimming Women's 4 x 200 metres Freestyle Relay,Bronze
42809,Robyn Grey-Gardner,F,19.0,172.0,73.0,Australia,AUS,1984 Summer,1984,Summer,Los Angeles,Rowing,Rowing Women's Coxed Fours,Bronze
42887,Sam Griffiths,M,44.0,171.0,73.0,Australia,AUS,2016 Summer,2016,Summer,Rio de Janeiro,Equestrianism,"Equestrianism Mixed Three-Day Event, Team",Bronze
42913,Tatiana Grigorieva,F,24.0,180.0,64.0,Australia,AUS,2000 Summer,2000,Summer,Sydney,Athletics,Athletics Women's Pole Vault,Silver
42949,Hollie Louise Grima (-Florance),F,24.0,190.0,84.0,Australia,AUS,2008 Summer,2008,Summer,Beijing,Basketball,Basketball Women's Basketball,Silver
43238,Alan Geoffrey Grover,M,24.0,167.0,51.0,Australia,AUS,1968 Summer,1968,Summer,Mexico City,Rowing,Rowing Men's Coxed Eights,Silver
43241,Madeline Groves,F,21.0,179.0,66.0,Australia,AUS,2016 Summer,2016,Summer,Rio de Janeiro,Swimming,Swimming Women's 200 metres Butterfly,Silver
43241,Madeline Groves,F,21.0,179.0,66.0,Australia,AUS,2016 Summer,2016,Summer,Rio de Janeiro,Swimming,Swimming Women's 4 x 100 metres Medley Relay,Silver
43620,David Guest,M,26.0,177.0,75.0,Australia,AUS,2008 Summer,2008,Summer,Beijing,Hockey,Hockey Men's Hockey,Bronze
43832,Gary Gullock,M,26.0,188.0,85.0,Australia,AUS,1984 Summer,1984,Summer,Los Angeles,Rowing,Rowing Men's Quadruple Sculls,Silver
44130,Bridgette Marie Gusterson (-Ireland),F,27.0,180.0,74.0,Australia,AUS,2000 Summer,2000,Summer,Sydney,Water Polo,Water Polo Women's Water Polo,Gold
44366,Kate Gynther,F,26.0,175.0,73.0,Australia,AUS,2008 Summer,2008,Summer,Beijing,Water Polo,Water Polo Women's Water Polo,Bronze
44366,Kate Gynther,F,30.0,175.0,73.0,Australia,AUS,2012 Summer,2012,Summer,London,Water Polo,Water Polo Women's Water Polo,Bronze
44569,Grant George Hackett,M,20.0,198.0,96.0,Australia,AUS,2000 Summer,2000,Summer,Sydney,Swimming,"Swimming Men's 1,500 metres Freestyle",Gold
44569,Grant George Hackett,M,20.0,198.0,96.0,Australia,AUS,2000 Summer,2000,Summer,Sydney,Swimming,Swimming Men's 4 x 200 metres Freestyle Relay,Gold
44569,Grant George Hackett,M,24.0,198.0,96.0,Australia,AUS,2004 Summer,2004,Summer,Athina,Swimming,Swimming Men's 400 metres Freestyle,Silver
44569,Grant George Hackett,M,24.0,198.0,96.0,Australia,AUS,2004 Summer,2004,Summer,Athina,Swimming,"Swimming Men's 1,500 metres Freestyle",Gold
44569,Grant George Hackett,M,24.0,198.0,96.0,Australia,AUS,2004 Summer,2004,Summer,Athina,Swimming,Swimming Men's 4 x 200 metres Freestyle Relay,Silver
44569,Grant George Hackett,M,28.0,198.0,96.0,Australia,AUS,2008 Summer,2008,Summer,Beijing,Swimming,"Swimming Men's 1,500 metres Freestyle",Silver
44569,Grant George Hackett,M,28.0,198.0,96.0,Australia,AUS,2008 Summer,2008,Summer,Beijing,Swimming,Swimming Men's 4 x 200 metres Freestyle Relay,Bronze
44640,Toby Christian Haenen,M,22.0,191.0,84.0,Australia,AUS,1996 Summer,1996,Summer,Atlanta,Swimming,Swimming Men's 4 x 100 metres Medley Relay,Bronze
44722,"Marcus William ""Mark"" Hager",M,32.0,180.0,74.0,Australia,AUS,1996 Summer,1996,Summer,Atlanta,Hockey,Hockey Men's Hockey,Bronze
44812,Robert Irwin Haigh,M,23.0,170.0,66.0,Australia,AUS,1968 Summer,1968,Summer,Mexico City,Hockey,Hockey Men's Hockey,Silver
44812,Robert Irwin Haigh,M,31.0,170.0,66.0,Australia,AUS,1976 Summer,1976,Summer,Montreal,Hockey,Hockey Men's Hockey,Silver
45281,Graham Hamilton,M,,,,Australia,AUS,1956 Summer,1956,Summer,Melbourne,Swimming,Swimming Men's 4 x 200 metres Freestyle Relay,Gold
45362,"Robert Rodney ""Rob"" Hammond",M,23.0,176.0,75.0,Australia,AUS,2004 Summer,2004,Summer,Athina,Hockey,Hockey Men's Hockey,Gold
45362,"Robert Rodney ""Rob"" Hammond",M,27.0,176.0,75.0,Australia,AUS,2008 Summer,2008,Summer,Beijing,Hockey,Hockey Men's Hockey,Bronze
45368,Wayne Gary Hammond,M,27.0,184.0,75.0,Australia,AUS,1976 Summer,1976,Summer,Montreal,Hockey,Hockey Men's Hockey,Silver
45568,Fiona Hanes-Crawford,F,23.0,158.0,56.0,Australia,AUS,2000 Summer,2000,Summer,Sydney,Softball,Softball Women's Softball,Bronze
45568,Fiona Hanes-Crawford,F,27.0,158.0,56.0,Australia,AUS,2004 Summer,2004,Summer,Athina,Softball,Softball Women's Softball,Silver
45595,Simone Hankin,F,27.0,182.0,80.0,Australia,AUS,2000 Summer,2000,Summer,Sydney,Water Polo,Water Polo Women's Water Polo,Gold
45824,"Boden Joseph ""Bo"" Hanson",M,22.0,199.0,100.0,Australia,AUS,1996 Summer,1996,Summer,Atlanta,Rowing,Rowing Men's Quadruple Sculls,Bronze
45824,"Boden Joseph ""Bo"" Hanson",M,27.0,199.0,100.0,Australia,AUS,2000 Summer,2000,Summer,Sydney,Rowing,Rowing Men's Coxless Fours,Bronze
45824,"Boden Joseph ""Bo"" Hanson",M,31.0,199.0,100.0,Australia,AUS,2004 Summer,2004,Summer,Athina,Rowing,Rowing Men's Coxed Eights,Bronze
45825,Brooke Louise Hanson (-Clarke),F,26.0,175.0,67.0,Australia,AUS,2004 Summer,2004,Summer,Athina,Swimming,Swimming Women's 100 metres Breaststroke,Silver
45825,Brooke Louise Hanson (-Clarke),F,26.0,175.0,67.0,Australia,AUS,2004 Summer,2004,Summer,Athina,Swimming,Swimming Women's 4 x 100 metres Medley Relay,Gold
45978,Kelly Hardie,F,30.0,182.0,80.0,Australia,AUS,2000 Summer,2000,Summer,Sydney,Softball,Softball Women's Softball,Bronze
45978,Kelly Hardie,F,38.0,182.0,80.0,Australia,AUS,2008 Summer,2008,Summer,Beijing,Softball,Softball Women's Softball,Bronze
45990,Tanya Victoria Harding,F,24.0,172.0,72.0,Australia,AUS,1996 Summer,1996,Summer,Atlanta,Softball,Softball Women's Softball,Bronze
45990,Tanya Victoria Harding,F,28.0,172.0,72.0,Australia,AUS,2000 Summer,2000,Summer,Sydney,Softball,Softball Women's Softball,Bronze
45990,Tanya Victoria Harding,F,32.0,172.0,72.0,Australia,AUS,2004 Summer,2004,Summer,Athina,Softball,Softball Women's Softball,Silver
45990,Tanya Victoria Harding,F,36.0,172.0,72.0,Australia,AUS,2008 Summer,2008,Summer,Beijing,Softball,Softball Women's Softball,Bronze
46218,Regan Dean Harrison,M,22.0,178.0,71.0,Australia,AUS,2000 Summer,2000,Summer,Sydney,Swimming,Swimming Men's 4 x 100 metres Medley Relay,Silver
46227,Loretta Harrop,F,29.0,168.0,53.0,Australia,AUS,2004 Summer,2004,Summer,Athina,Triathlon,Triathlon Women's Olympic Distance,Silver
46229,Kristi Lee Harrower,F,25.0,162.0,63.0,Australia,AUS,2000 Summer,2000,Summer,Sydney,Basketball,Basketball Women's Basketball,Silver
46229,Kristi Lee Harrower,F,29.0,162.0,63.0,Australia,AUS,2004 Summer,2004,Summer,Athina,Basketball,Basketball Women's Basketball,Silver
46229,Kristi Lee Harrower,F,33.0,162.0,63.0,Australia,AUS,2008 Summer,2008,Summer,Beijing,Basketball,Basketball Women's Basketball,Silver
46229,Kristi Lee Harrower,F,37.0,162.0,63.0,Australia,AUS,2012 Summer,2012,Summer,London,Basketball,Basketball Women's Basketball,Bronze
46450,Juliet Haslam,F,27.0,174.0,64.0,Australia,AUS,1996 Summer,1996,Summer,Atlanta,Hockey,Hockey Women's Hockey,Gold
46450,Juliet Haslam,F,31.0,174.0,64.0,Australia,AUS,2000 Summer,2000,Summer,Sydney,Hockey,Hockey Women's Hockey,Gold
46758,Rechelle Margaret Hawkes,F,21.0,165.0,57.0,Australia,AUS,1988 Summer,1988,Summer,Seoul,Hockey,Hockey Women's Hockey,Gold
46758,Rechelle Margaret Hawkes,F,29.0,165.0,57.0,Australia,AUS,1996 Summer,1996,Summer,Atlanta,Hockey,Hockey Women's Hockey,Gold
46758,Rechelle Margaret Hawkes,F,33.0,165.0,57.0,Australia,AUS,2000 Summer,2000,Summer,Sydney,Hockey,Hockey Women's Hockey,Gold
46778,"Stephen Mark ""Steve"" Hawkins",M,21.0,,,Australia,AUS,1992 Summer,1992,Summer,Barcelona,Rowing,Rowing Men's Double Sculls,Gold
46793,Harry Maitland Hay,M,,178.0,,Australia,AUS,1920 Summer,1920,Summer,Antwerpen,Swimming,Swimming Men's 4 x 200 metres Freestyle Relay,Silver
46848,Neville Ronald Hayes,M,16.0,183.0,80.0,Australia,AUS,1960 Summer,1960,Summer,Roma,Swimming,Swimming Men's 200 metres Butterfly,Silver
46848,Neville Ronald Hayes,M,16.0,183.0,80.0,Australia,AUS,1960 Summer,1960,Summer,Roma,Swimming,Swimming Men's 4 x 100 metres Medley Relay,Silver
46857,Brett Ronald Hayman,M,28.0,165.0,54.0,Australia,AUS,2000 Summer,2000,Summer,Sydney,Rowing,Rowing Men's Coxed Eights,Silver
46968,Cecil Patrick Healy,M,24.0,,,Australia,AUS,1906 Summer,1906,Summer,Athina,Swimming,Swimming Men's 100 metres Freestyle,Bronze
47130,Clyde Hefer,M,23.0,187.0,80.0,Australia,AUS,1984 Summer,1984,Summer,Los Angeles,Rowing,Rowing Men's Coxed Eights,Bronze
47159,Francis Hegerty,M,25.0,187.0,95.0,Australia,AUS,2008 Summer,2008,Summer,Beijing,Rowing,Rowing Men's Coxless Fours,Silver
47478,Mathew Glen Helm,M,23.0,170.0,62.0,Australia,AUS,2004 Summer,2004,Summer,Athina,Diving,Diving Men's Platform,Silver
47478,Mathew Glen Helm,M,23.0,170.0,62.0,Australia,AUS,2004 Summer,2004,Summer,Athina,Diving,Diving Men's Synchronized Platform,Bronze
47696,"John Malcolm ""Jon"" Henricks",M,21.0,182.0,78.0,Australia,AUS,1956 Summer,1956,Summer,Melbourne,Swimming,Swimming Men's 100 metres Freestyle,Gold
47696,"John Malcolm ""Jon"" Henricks",M,21.0,182.0,78.0,Australia,AUS,1956 Summer,1956,Summer,Melbourne,Swimming,Swimming Men's 4 x 200 metres Freestyle Relay,Gold
47739,George Ernest Morrison Henry,M,19.0,183.0,,Australia,AUS,1924 Summer,1924,Summer,Paris,Swimming,Swimming Men's 4 x 200 metres Freestyle Relay,Silver
47749,Jodie Clare Henry,F,20.0,176.0,63.0,Australia,AUS,2004 Summer,2004,Summer,Athina,Swimming,Swimming Women's 100 metres Freestyle,Gold
47749,Jodie Clare Henry,F,20.0,176.0,63.0,Australia,AUS,2004 Summer,2004,Summer,Athina,Swimming,Swimming Women's 4 x 100 metres Freestyle Relay,Gold
47749,Jodie Clare Henry,F,20.0,176.0,63.0,Australia,AUS,2004 Summer,2004,Summer,Athina,Swimming,Swimming Women's 4 x 100 metres Medley Relay,Gold
47814,Michael David Hepburn,M,20.0,186.0,77.0,Australia,AUS,2012 Summer,2012,Summer,London,Cycling,"Cycling Men's Team Pursuit, 4,000 metres",Silver
47814,Michael David Hepburn,M,24.0,186.0,77.0,Australia,AUS,2016 Summer,2016,Summer,Rio de Janeiro,Cycling,"Cycling Men's Team Pursuit, 4,000 metres",Silver
47820,"William Sharp Hannah ""Billy"" Herald",M,19.0,,,Australia,AUS,1920 Summer,1920,Summer,Antwerpen,Swimming,Swimming Men's 4 x 200 metres Freestyle Relay,Silver
48303,Amy Hetzel,F,25.0,178.0,65.0,Australia,AUS,2008 Summer,2008,Summer,Beijing,Water Polo,Water Polo Women's Water Polo,Bronze
48341,Harold Neil Hewitt,M,18.0,,,Australia,AUS,1956 Summer,1956,Summer,Melbourne,Rowing,Rowing Men's Coxed Eights,Bronze
48404,Bruce Samuel Hick,M,32.0,184.0,70.0,Australia,AUS,1996 Summer,1996,Summer,Atlanta,Rowing,Rowing Men's Lightweight Double Sculls,Bronze
48417,Mark Christopher Hickman,M,30.0,183.0,90.0,Australia,AUS,2004 Summer,2004,Summer,Athina,Hockey,Hockey Men's Hockey,Gold
48487,Yvette Higgins,F,22.0,173.0,73.0,Australia,AUS,2000 Summer,2000,Summer,Sydney,Water Polo,Water Polo Women's Water Polo,Gold
48553,"Alexander ""Alex"" Hill",M,23.0,194.0,92.0,Australia,AUS,2016 Summer,2016,Summer,Rio de Janeiro,Rowing,Rowing Men's Coxless Fours,Silver
48560,Clinton Rory Hill,M,24.0,186.0,77.0,Australia,AUS,2004 Summer,2004,Summer,Athina,Athletics,Athletics Men's 4 x 400 metres Relay,Silver
48563,Darryn William Hill,M,26.0,174.0,88.0,Australia,AUS,2000 Summer,2000,Summer,Sydney,Cycling,Cycling Men's Team Sprint,Bronze
48579,"Joanne Kay ""Jo"" Hill",F,27.0,182.0,70.0,Australia,AUS,2000 Summer,2000,Summer,Sydney,Basketball,Basketball Women's Basketball,Silver
48611,Lorraine Mary Hillas (Wharton-),F,26.0,165.0,54.0,Australia,AUS,1988 Summer,1988,Summer,Seoul,Hockey,Hockey Women's Hockey,Gold
49025,Robin Godfrey Hodder,M,27.0,170.0,65.0,Australia,AUS,1964 Summer,1964,Summer,Tokyo,Hockey,Hockey Men's Hockey,Bronze
49046,Natalie Hodgskin (-Shapiro),F,28.0,165.0,63.0,Australia,AUS,2004 Summer,2004,Summer,Athina,Softball,Softball Women's Softball,Silver
49218,"Hector Dennis ""Hec"" Hogan",M,25.0,170.0,65.0,Australia,AUS,1956 Summer,1956,Summer,Melbourne,Athletics,Athletics Men's 100 metres,Bronze
49224,Kevin John Hogarth,M,22.0,,,Australia,AUS,1956 Summer,1956,Summer,Melbourne,Boxing,Boxing Men's Welterweight,Bronze
49377,"Stephen Roy ""Steve"" Holland",M,18.0,,,Australia,AUS,1976 Summer,1976,Summer,Montreal,Swimming,"Swimming Men's 1,500 metres Freestyle",Bronze
49396,"Jennifer Kaye ""Jenny"" Holliday",F,32.0,180.0,68.0,Australia,AUS,1996 Summer,1996,Summer,Atlanta,Softball,Softball Women's Softball,Bronze
49584,Stephen Harris Holt,M,25.0,196.0,91.0,Australia,AUS,2000 Summer,2000,Summer,Sydney,Hockey,Hockey Men's Hockey,Bronze
49708,Gary Ronald Honey,M,25.0,183.0,70.0,Australia,AUS,1984 Summer,1984,Summer,Los Angeles,Athletics,Athletics Men's Long Jump,Silver
49808,Leslie Janusz Hooker,M,26.0,191.0,92.0,Australia,AUS,1996 Summer,1996,Summer,Atlanta,Rowing,Rowing Men's Quadruple Sculls,Bronze
49812,"Steven Leslie ""Steve"" Hooker",M,26.0,187.0,82.0,Australia,AUS,2008 Summer,2008,Summer,Beijing,Athletics,Athletics Men's Pole Vault,Gold
49822,Kate Jon-Marie Hooper,F,22.0,177.0,73.0,Australia,AUS,2000 Summer,2000,Summer,Sydney,Water Polo,Water Polo Women's Water Polo,Gold
49908,Kerry Hore,F,23.0,183.0,74.0,Australia,AUS,2004 Summer,2004,Summer,Athina,Rowing,Rowing Women's Quadruple Sculls,Bronze
49999,Kate Hornsey,F,30.0,174.0,73.0,Australia,AUS,2012 Summer,2012,Summer,London,Rowing,Rowing Women's Coxless Pairs,Silver
50055,"Mackenzie ""Mack"" Horton",M,20.0,190.0,88.0,Australia,AUS,2016 Summer,2016,Summer,Rio de Janeiro,Swimming,Swimming Men's 400 metres Freestyle,Gold
50262,Glen Clifford Housman,M,20.0,184.0,80.0,Australia,AUS,1992 Summer,1992,Summer,Barcelona,Swimming,"Swimming Men's 1,500 metres Freestyle",Silver
50341,"James Guthrie ""Jim"" Howden",M,22.0,,,Australia,AUS,1956 Summer,1956,Summer,Melbourne,Rowing,Rowing Men's Coxed Eights,Bronze
50367,Walter Neville Howell,M,26.0,192.0,84.0,Australia,AUS,1956 Summer,1956,Summer,Melbourne,Rowing,Rowing Men's Coxed Eights,Bronze
50382,Andrew James Hoy,M,33.0,172.0,63.0,Australia,AUS,1992 Summer,1992,Summer,Barcelona,Equestrianism,"Equestrianism Mixed Three-Day Event, Team",Gold
50382,Andrew James Hoy,M,37.0,172.0,63.0,Australia,AUS,1996 Summer,1996,Summer,Atlanta,Equestrianism,"Equestrianism Mixed Three-Day Event, Team",Gold
50382,Andrew James Hoy,M,41.0,172.0,63.0,Australia,AUS,2000 Summer,2000,Summer,Sydney,Equestrianism,"Equestrianism Mixed Three-Day Event, Individual",Silver
50382,Andrew James Hoy,M,41.0,172.0,63.0,Australia,AUS,2000 Summer,2000,Summer,Sydney,Equestrianism,"Equestrianism Mixed Three-Day Event, Team",Gold
50779,Deserie Huddleston-Wakefield-Baynes,F,35.0,164.0,83.0,Australia,AUS,1996 Summer,1996,Summer,Atlanta,Shooting,Shooting Women's Double Trap,Bronze
50802,"Nicole Elaine ""Nikki"" Hudson (Mott-)",F,24.0,165.0,54.0,Australia,AUS,2000 Summer,2000,Summer,Sydney,Hockey,Hockey Women's Hockey,Gold
50810,"Geoffrey Andrew ""Geoff"" Huegill",M,21.0,190.0,93.0,Australia,AUS,2000 Summer,2000,Summer,Sydney,Swimming,Swimming Men's 100 metres Butterfly,Bronze
50810,"Geoffrey Andrew ""Geoff"" Huegill",M,21.0,190.0,93.0,Australia,AUS,2000 Summer,2000,Summer,Sydney,Swimming,Swimming Men's 4 x 100 metres Medley Relay,Silver
52029,Rachel Anne Imison,F,21.0,167.0,69.0,Australia,AUS,2000 Summer,2000,Summer,Sydney,Hockey,Hockey Women's Hockey,Gold
52378,"James George ""Jim"" Irvine",M,27.0,185.0,76.0,Australia,AUS,1976 Summer,1976,Summer,Montreal,Hockey,Hockey Men's Hockey,Silver
53129,Lauren Elizabeth Jackson,F,19.0,196.0,85.0,Australia,AUS,2000 Summer,2000,Summer,Sydney,Basketball,Basketball Women's Basketball,Silver
53129,Lauren Elizabeth Jackson,F,23.0,196.0,85.0,Australia,AUS,2004 Summer,2004,Summer,Athina,Basketball,Basketball Women's Basketball,Silver
53129,Lauren Elizabeth Jackson,F,27.0,196.0,85.0,Australia,AUS,2008 Summer,2008,Summer,Beijing,Basketball,Basketball Women's Basketball,Silver
53129,Lauren Elizabeth Jackson,F,31.0,196.0,85.0,Australia,AUS,2012 Summer,2012,Summer,London,Basketball,Basketball Women's Basketball,Bronze
53136,Marjorie Jackson (-Nelson),F,20.0,172.0,66.0,Australia,AUS,1952 Summer,1952,Summer,Helsinki,Athletics,Athletics Women's 100 metres,Gold
53136,Marjorie Jackson (-Nelson),F,20.0,172.0,66.0,Australia,AUS,1952 Summer,1952,Summer,Helsinki,Athletics,Athletics Women's 200 metres,Gold
53353,"Robert ""Rob"" Jahrling",M,26.0,204.0,96.0,Australia,AUS,2000 Summer,2000,Summer,Sydney,Rowing,Rowing Men's Coxed Eights,Silver
53944,Rachel Jarry,F,20.0,186.0,77.0,Australia,AUS,2012 Summer,2012,Summer,London,Basketball,Basketball Women's Basketball,Bronze
54381,Iain Jensen,M,24.0,186.0,80.0,Australia,AUS,2012 Summer,2012,Summer,London,Sailing,Sailing Men's Skiff,Gold
54381,Iain Jensen,M,28.0,186.0,80.0,Australia,AUS,2016 Summer,2016,Summer,Rio de Janeiro,Sailing,Sailing Men's Skiff,Silver
55368,Emma Clare Johnson,F,16.0,179.0,72.0,Australia,AUS,1996 Summer,1996,Summer,Atlanta,Swimming,Swimming Women's 4 x 200 metres Freestyle Relay,Bronze
55460,Sonja Johnson,F,40.0,162.0,60.0,Australia,AUS,2008 Summer,2008,Summer,Beijing,Equestrianism,"Equestrianism Mixed Three-Day Event, Team",Silver
55627,Brenda Jones (-Carr),F,23.0,173.0,55.0,Australia,AUS,1960 Summer,1960,Summer,Roma,Athletics,Athletics Women's 800 metres,Silver
55692,Leisel Marie Jones,F,15.0,177.0,68.0,Australia,AUS,2000 Summer,2000,Summer,Sydney,Swimming,Swimming Women's 100 metres Breaststroke,Silver
55692,Leisel Marie Jones,F,15.0,177.0,68.0,Australia,AUS,2000 Summer,2000,Summer,Sydney,Swimming,Swimming Women's 4 x 100 metres Medley Relay,Silver
55692,Leisel Marie Jones,F,18.0,177.0,68.0,Australia,AUS,2004 Summer,2004,Summer,Athina,Swimming,Swimming Women's 100 metres Breaststroke,Bronze
55692,Leisel Marie Jones,F,18.0,177.0,68.0,Australia,AUS,2004 Summer,2004,Summer,Athina,Swimming,Swimming Women's 200 metres Breaststroke,Silver
55692,Leisel Marie Jones,F,18.0,177.0,68.0,Australia,AUS,2004 Summer,2004,Summer,Athina,Swimming,Swimming Women's 4 x 100 metres Medley Relay,Gold
55692,Leisel Marie Jones,F,22.0,177.0,68.0,Australia,AUS,2008 Summer,2008,Summer,Beijing,Swimming,Swimming Women's 100 metres Breaststroke,Gold
55692,Leisel Marie Jones,F,22.0,177.0,68.0,Australia,AUS,2008 Summer,2008,Summer,Beijing,Swimming,Swimming Women's 200 metres Breaststroke,Silver
55692,Leisel Marie Jones,F,22.0,177.0,68.0,Australia,AUS,2008 Summer,2008,Summer,Beijing,Swimming,Swimming Women's 4 x 100 metres Medley Relay,Gold
55692,Leisel Marie Jones,F,26.0,177.0,68.0,Australia,AUS,2012 Summer,2012,Summer,London,Swimming,Swimming Women's 4 x 100 metres Medley Relay,Silver
55705,Megan Victoria Jones,F,31.0,167.0,60.0,Australia,AUS,2008 Summer,2008,Summer,Beijing,Equestrianism,"Equestrianism Mixed Three-Day Event, Team",Silver
55707,Michellie Yvonne Jones,F,31.0,180.0,60.0,Australia,AUS,2000 Summer,2000,Summer,Sydney,Triathlon,Triathlon Women's Olympic Distance,Silver
56067,"Rebecca Susan ""Bec"" Joyce",F,25.0,178.0,59.0,Australia,AUS,1996 Summer,1996,Summer,Atlanta,Rowing,Rowing Women's Lightweight Double Sculls,Bronze
56498,Robert Kabbas,M,29.0,173.0,83.0,Australia,AUS,1984 Summer,1984,Summer,Los Angeles,Weightlifting,Weightlifting Men's Light-Heavyweight,Silver
58121,Fergus Kavanagh,M,23.0,182.0,75.0,Australia,AUS,2008 Summer,2008,Summer,Beijing,Hockey,Hockey Men's Hockey,Bronze
58121,Fergus Kavanagh,M,27.0,182.0,75.0,Australia,AUS,2012 Summer,2012,Summer,London,Hockey,Hockey Men's Hockey,Bronze
58392,Maddison Keeney,F,20.0,167.0,62.0,Australia,AUS,2016 Summer,2016,Summer,Rio de Janeiro,Diving,Diving Women's Synchronized Springboard,Bronze
58562,Barry Kelly,M,29.0,183.0,79.0,Australia,AUS,1984 Summer,1984,Summer,Los Angeles,Canoeing,"Canoeing Men's Kayak Doubles, 1,000 metres",Bronze
58590,Shane John Kelly,M,20.0,182.0,85.0,Australia,AUS,1992 Summer,1992,Summer,Barcelona,Cycling,"Cycling Men's 1,000 metres Time Trial",Silver
58590,Shane John Kelly,M,28.0,182.0,85.0,Australia,AUS,2000 Summer,2000,Summer,Sydney,Cycling,"Cycling Men's 1,000 metres Time Trial",Bronze
58590,Shane John Kelly,M,32.0,182.0,85.0,Australia,AUS,2004 Summer,2004,Summer,Athina,Cycling,Cycling Men's Keirin,Bronze
58708,Angela Kennedy,F,20.0,,58.0,Australia,AUS,1996 Summer,1996,Summer,Atlanta,Swimming,Swimming Women's 4 x 100 metres Medley Relay,Silver
58743,Grant Hayden Kenny,M,21.0,180.0,80.0,Australia,AUS,1984 Summer,1984,Summer,Los Angeles,Canoeing,"Canoeing Men's Kayak Doubles, 1,000 metres",Bronze
58861,"Marcus Anthony ""Mark"" Kerry",M,20.0,182.0,81.0,Australia,AUS,1980 Summer,1980,Summer,Moskva,Swimming,Swimming Men's 200 metres Backstroke,Bronze
58861,"Marcus Anthony ""Mark"" Kerry",M,20.0,182.0,81.0,Australia,AUS,1980 Summer,1980,Summer,Moskva,Swimming,Swimming Men's 4 x 100 metres Medley Relay,Gold
58861,"Marcus Anthony ""Mark"" Kerry",M,24.0,182.0,81.0,Australia,AUS,1984 Summer,1984,Summer,Los Angeles,Swimming,Swimming Men's 4 x 100 metres Medley Relay,Bronze
59455,Stefan Botev Khristov,M,28.0,180.0,120.0,Australia,AUS,1996 Summer,1996,Summer,Atlanta,Weightlifting,Weightlifting Men's Super-Heavyweight,Bronze
59700,"Pamela ""Pam"" Kilborn-Ryan (-Nelson)",F,25.0,157.0,52.0,Australia,AUS,1964 Summer,1964,Summer,Tokyo,Athletics,Athletics Women's 80 metres Hurdles,Bronze
59700,"Pamela ""Pam"" Kilborn-Ryan (-Nelson)",F,29.0,157.0,52.0,Australia,AUS,1968 Summer,1968,Summer,Mexico City,Athletics,Athletics Women's 80 metres Hurdles,Silver
60409,"Nicholas Andrew ""Nick"" Kimpton",M,20.0,185.0,85.0,Australia,AUS,2004 Summer,2004,Summer,Athina,Baseball,Baseball Men's Baseball,Silver
60488,Joyce Alice King (-Merrett),F,27.0,,,Australia,AUS,1948 Summer,1948,Summer,London,Athletics,Athletics Women's 4 x 100 metres Relay,Silver
60506,"Thomas Jack ""Tom"" King",M,27.0,181.0,64.0,Australia,AUS,2000 Summer,2000,Summer,Sydney,Sailing,Sailing Men's Two Person Dinghy,Gold
60516,Brendan Robert Kingman,M,31.0,186.0,112.0,Australia,AUS,2004 Summer,2004,Summer,Athina,Baseball,Baseball Men's Baseball,Silver
60647,"William Ashley ""Bill"" Kirby",M,25.0,180.0,77.0,Australia,AUS,2000 Summer,2000,Summer,Sydney,Swimming,Swimming Men's 4 x 200 metres Freestyle Relay,Gold
60737,Keith Lindsay Hugh Kirkland,M,19.0,,,Australia,AUS,1920 Summer,1920,Summer,Antwerpen,Swimming,Swimming Men's 4 x 200 metres Freestyle Relay,Silver
61204,Lars Detlef Kleppich,M,24.0,174.0,69.0,Australia,AUS,1992 Summer,1992,Summer,Barcelona,Sailing,Sailing Men's Windsurfer,Bronze
61237,Michael George Klim,M,18.0,191.0,81.0,Australia,AUS,1996 Summer,1996,Summer,Atlanta,Swimming,Swimming Men's 4 x 100 metres Medley Relay,Bronze
61237,Michael George Klim,M,23.0,191.0,81.0,Australia,AUS,2000 Summer,2000,Summer,Sydney,Swimming,Swimming Men's 4 x 100 metres Freestyle Relay,Gold
61237,Michael George Klim,M,23.0,191.0,81.0,Australia,AUS,2000 Summer,2000,Summer,Sydney,Swimming,Swimming Men's 4 x 200 metres Freestyle Relay,Gold
61237,Michael George Klim,M,23.0,191.0,81.0,Australia,AUS,2000 Summer,2000,Summer,Sydney,Swimming,Swimming Men's 100 metres Butterfly,Silver
61237,Michael George Klim,M,23.0,191.0,81.0,Australia,AUS,2000 Summer,2000,Summer,Sydney,Swimming,Swimming Men's 4 x 100 metres Medley Relay,Silver
61237,Michael George Klim,M,26.0,191.0,81.0,Australia,AUS,2004 Summer,2004,Summer,Athina,Swimming,Swimming Men's 4 x 200 metres Freestyle Relay,Silver
61577,Mark William Knowles,M,19.0,183.0,74.0,Australia,AUS,2004 Summer,2004,Summer,Athina,Hockey,Hockey Men's Hockey,Gold
61577,Mark William Knowles,M,23.0,183.0,74.0,Australia,AUS,2008 Summer,2008,Summer,Beijing,Hockey,Hockey Men's Hockey,Bronze
61577,Mark William Knowles,M,27.0,183.0,74.0,Australia,AUS,2012 Summer,2012,Summer,London,Hockey,Hockey Men's Hockey,Bronze
61582,Bronwen Knox,F,22.0,182.0,88.0,Australia,AUS,2008 Summer,2008,Summer,Beijing,Water Polo,Water Polo Women's Water Polo,Bronze
61582,Bronwen Knox,F,26.0,182.0,88.0,Australia,AUS,2012 Summer,2012,Summer,London,Water Polo,Water Polo Women's Water Polo,Bronze
61585,Emma Knox,F,30.0,173.0,70.0,Australia,AUS,2008 Summer,2008,Summer,Beijing,Water Polo,Water Polo Women's Water Polo,Bronze
62543,"Ilze ""Ilsa"" Konrads",F,16.0,172.0,68.0,Australia,AUS,1960 Summer,1960,Summer,Roma,Swimming,Swimming Women's 4 x 100 metres Freestyle Relay,Silver
62543,"Ilze ""Ilsa"" Konrads",F,16.0,172.0,68.0,Australia,AUS,1960 Summer,1960,Summer,Roma,Swimming,Swimming Women's 4 x 100 metres Medley Relay,Silver
62544,"Jnis ""John"" Konrads",M,18.0,179.0,84.0,Australia,AUS,1960 Summer,1960,Summer,Roma,Swimming,Swimming Men's 400 metres Freestyle,Bronze
62544,"Jnis ""John"" Konrads",M,18.0,179.0,84.0,Australia,AUS,1960 Summer,1960,Summer,Roma,Swimming,"Swimming Men's 1,500 metres Freestyle",Gold
62544,"Jnis ""John"" Konrads",M,18.0,179.0,84.0,Australia,AUS,1960 Summer,1960,Summer,Roma,Swimming,Swimming Men's 4 x 200 metres Freestyle Relay,Bronze
63521,Daniel Steven Kowalski,M,21.0,180.0,76.0,Australia,AUS,1996 Summer,1996,Summer,Atlanta,Swimming,Swimming Men's 200 metres Freestyle,Bronze
63521,Daniel Steven Kowalski,M,21.0,180.0,76.0,Australia,AUS,1996 Summer,1996,Summer,Atlanta,Swimming,Swimming Men's 400 metres Freestyle,Bronze
63521,Daniel Steven Kowalski,M,21.0,180.0,76.0,Australia,AUS,1996 Summer,1996,Summer,Atlanta,Swimming,"Swimming Men's 1,500 metres Freestyle",Silver
63521,Daniel Steven Kowalski,M,25.0,180.0,76.0,Australia,AUS,2000 Summer,2000,Summer,Sydney,Swimming,Swimming Men's 4 x 200 metres Freestyle Relay,Gold
64780,Yolane Nicole Kukla,F,16.0,168.0,61.0,Australia,AUS,2012 Summer,2012,Summer,London,Swimming,Swimming Women's 4 x 100 metres Freestyle Relay,Gold
65587,Annie Lilian La Fleur (Burgess-),F,30.0,167.0,62.0,Australia,AUS,2000 Summer,2000,Summer,Sydney,Basketball,Basketball Women's Basketball,Silver
66162,Stephen Lambert,M,28.0,188.0,87.0,Australia,AUS,2008 Summer,2008,Summer,Beijing,Hockey,Hockey Men's Hockey,Bronze
66266,Jennifer Frances Lamy (-Frank),F,19.0,173.0,60.0,Australia,AUS,1968 Summer,1968,Summer,Mexico City,Athletics,Athletics Women's 200 metres,Bronze
66277,Brett Daniel Lancaster,M,24.0,189.0,80.0,Australia,AUS,2004 Summer,2004,Summer,Athina,Cycling,"Cycling Men's Team Pursuit, 4,000 metres",Gold
66298,"Suzanne Ciscele ""Suzie"" Landells (-Dill-Macky)",F,19.0,162.0,57.0,Australia,AUS,1984 Summer,1984,Summer,Los Angeles,Swimming,Swimming Women's 400 metres Individual Medley,Silver
66300,Andrew Landenberger,M,29.0,182.0,73.0,Australia,AUS,1996 Summer,1996,Summer,Atlanta,Sailing,Sailing Mixed Multihull,Silver
66358,John Michael Landy,M,26.0,182.0,69.0,Australia,AUS,1956 Summer,1956,Summer,Melbourne,Athletics,"Athletics Men's 1,500 metres",Bronze
66363,"Frederick Claude Vivian ""Fred"" Lane",M,20.0,,,Australia,AUS,1900 Summer,1900,Summer,Paris,Swimming,Swimming Men's 200 metres Freestyle,Gold
66363,"Frederick Claude Vivian ""Fred"" Lane",M,20.0,,,Australia,AUS,1900 Summer,1900,Summer,Paris,Swimming,Swimming Men's 200 metres Obstacle Course,Gold
66726,"Mitchell James ""Mitch"" Larkin",M,23.0,187.0,72.0,Australia,AUS,2016 Summer,2016,Summer,Rio de Janeiro,Swimming,Swimming Men's 200 metres Backstroke,Silver
66726,"Mitchell James ""Mitch"" Larkin",M,23.0,187.0,72.0,Australia,AUS,2016 Summer,2016,Summer,Rio de Janeiro,Swimming,Swimming Men's 4 x 100 metres Medley Relay,Bronze
66953,Irina Lashko (-Furler-),F,31.0,163.0,50.0,Australia,AUS,2004 Summer,2004,Summer,Athina,Diving,Diving Women's Synchronized Springboard,Bronze
66978,Rosemary Lassig (-Lluka),F,19.0,165.0,63.0,Australia,AUS,1960 Summer,1960,Summer,Roma,Swimming,Swimming Women's 4 x 100 metres Medley Relay,Silver
67177,Andrew George Lauterstein,M,21.0,190.0,90.0,Australia,AUS,2008 Summer,2008,Summer,Beijing,Swimming,Swimming Men's 4 x 100 metres Freestyle Relay,Bronze
67177,Andrew George Lauterstein,M,21.0,190.0,90.0,Australia,AUS,2008 Summer,2008,Summer,Beijing,Swimming,Swimming Men's 100 metres Butterfly,Bronze
67177,Andrew George Lauterstein,M,21.0,190.0,90.0,Australia,AUS,2008 Summer,2008,Summer,Beijing,Swimming,Swimming Men's 4 x 100 metres Medley Relay,Silver
67240,Neale John Lavis,M,30.0,171.0,73.0,Australia,AUS,1960 Summer,1960,Summer,Roma,Equestrianism,"Equestrianism Men's Three-Day Event, Individual",Silver
67240,Neale John Lavis,M,30.0,171.0,73.0,Australia,AUS,1960 Summer,1960,Summer,Roma,Equestrianism,"Equestrianism Men's Three-Day Event, Team",Gold
67308,Allan Cleave Evan Lawrence,M,26.0,171.0,61.0,Australia,AUS,1956 Summer,1956,Summer,Melbourne,Athletics,"Athletics Men's 10,000 metres",Bronze
67323,"Jacqueline ""Jacqui"" Lawrence",F,26.0,176.0,62.0,Australia,AUS,2008 Summer,2008,Summer,Beijing,Canoeing,"Canoeing Women's Kayak Singles, Slalom",Silver
67589,David Francis Lean,M,21.0,182.0,65.0,Australia,AUS,1956 Summer,1956,Summer,Melbourne,Athletics,Athletics Men's 4 x 400 metres Relay,Silver
68166,Susan Lee (-Brosnan),F,18.0,164.0,45.0,Australia,AUS,1984 Summer,1984,Summer,Los Angeles,Rowing,Rowing Women's Coxed Fours,Bronze
68183,Virginia Lee,F,31.0,173.0,59.0,Australia,AUS,1996 Summer,1996,Summer,Atlanta,Rowing,Rowing Women's Lightweight Double Sculls,Bronze
68226,Faith Yvonne Leech (-Touhy),F,15.0,178.0,,Australia,AUS,1956 Summer,1956,Summer,Melbourne,Swimming,Swimming Women's 100 metres Freestyle,Bronze
68226,Faith Yvonne Leech (-Touhy),F,15.0,178.0,,Australia,AUS,1956 Summer,1956,Summer,Melbourne,Swimming,Swimming Women's 4 x 100 metres Freestyle Relay,Gold
68622,Justin William Lemberg,M,17.0,183.0,78.0,Australia,AUS,1984 Summer,1984,Summer,Los Angeles,Swimming,Swimming Men's 400 metres Freestyle,Bronze
68741,"Lisbeth Constance ""Libby"" Lenton-Trickett",F,19.0,167.0,60.0,Australia,AUS,2004 Summer,2004,Summer,Athina,Swimming,Swimming Women's 50 metres Freestyle,Bronze
68741,"Lisbeth Constance ""Libby"" Lenton-Trickett",F,19.0,167.0,60.0,Australia,AUS,2004 Summer,2004,Summer,Athina,Swimming,Swimming Women's 4 x 100 metres Freestyle Relay,Gold
68741,"Lisbeth Constance ""Libby"" Lenton-Trickett",F,23.0,167.0,60.0,Australia,AUS,2008 Summer,2008,Summer,Beijing,Swimming,Swimming Women's 100 metres Freestyle,Silver
68741,"Lisbeth Constance ""Libby"" Lenton-Trickett",F,23.0,167.0,60.0,Australia,AUS,2008 Summer,2008,Summer,Beijing,Swimming,Swimming Women's 4 x 100 metres Freestyle Relay,Bronze
68741,"Lisbeth Constance ""Libby"" Lenton-Trickett",F,23.0,167.0,60.0,Australia,AUS,2008 Summer,2008,Summer,Beijing,Swimming,Swimming Women's 100 metres Butterfly,Gold
68741,"Lisbeth Constance ""Libby"" Lenton-Trickett",F,23.0,167.0,60.0,Australia,AUS,2008 Summer,2008,Summer,Beijing,Swimming,Swimming Women's 4 x 100 metres Medley Relay,Gold
68741,"Lisbeth Constance ""Libby"" Lenton-Trickett",F,27.0,167.0,60.0,Australia,AUS,2012 Summer,2012,Summer,London,Swimming,Swimming Women's 4 x 100 metres Freestyle Relay,Gold
69015,"Jocelyn Mavis ""Joyce"" Lester",F,38.0,172.0,70.0,Australia,AUS,1996 Summer,1996,Summer,Atlanta,Softball,Softball Women's Softball,Bronze
69216,Craig Edward Lewis,M,27.0,195.0,100.0,Australia,AUS,2004 Summer,2004,Summer,Athina,Baseball,Baseball Men's Baseball,Silver
69229,Hayley Jane Lewis (-Taylor),F,18.0,171.0,64.0,Australia,AUS,1992 Summer,1992,Summer,Barcelona,Swimming,Swimming Women's 400 metres Freestyle,Bronze
69229,Hayley Jane Lewis (-Taylor),F,18.0,171.0,64.0,Australia,AUS,1992 Summer,1992,Summer,Barcelona,Swimming,Swimming Women's 800 metres Freestyle,Silver
69250,Paul Snowden Lewis,M,25.0,180.0,77.0,Australia,AUS,1992 Summer,1992,Summer,Barcelona,Hockey,Hockey Men's Hockey,Silver
69250,Paul Snowden Lewis,M,29.0,180.0,77.0,Australia,AUS,1996 Summer,1996,Summer,Atlanta,Hockey,Hockey Men's Hockey,Bronze
70030,Holly Lincoln-Smith,F,24.0,183.0,82.0,Australia,AUS,2012 Summer,2012,Summer,London,Water Polo,Water Polo Women's Water Polo,Bronze
70726,Brent James Livermore,M,24.0,177.0,74.0,Australia,AUS,2000 Summer,2000,Summer,Sydney,Hockey,Hockey Men's Hockey,Bronze
70726,Brent James Livermore,M,28.0,177.0,74.0,Australia,AUS,2004 Summer,2004,Summer,Athina,Hockey,Hockey Men's Hockey,Gold
70749,Nicole Dawn Livingstone-Stevenson (-Clayton),F,21.0,174.0,65.0,Australia,AUS,1992 Summer,1992,Summer,Barcelona,Swimming,Swimming Women's 200 metres Backstroke,Bronze
70749,Nicole Dawn Livingstone-Stevenson (-Clayton),F,25.0,174.0,65.0,Australia,AUS,1996 Summer,1996,Summer,Atlanta,Swimming,Swimming Women's 4 x 200 metres Freestyle Relay,Bronze
70749,Nicole Dawn Livingstone-Stevenson (-Clayton),F,25.0,174.0,65.0,Australia,AUS,1996 Summer,1996,Summer,Atlanta,Swimming,Swimming Women's 4 x 100 metres Medley Relay,Silver
70852,Graeme John Lloyd,M,37.0,200.0,108.0,Australia,AUS,2004 Summer,2004,Summer,Athina,Baseball,Baseball Men's Baseball,Silver
70979,William Lockwood,M,24.0,191.0,88.0,Australia,AUS,2012 Summer,2012,Summer,London,Rowing,Rowing Men's Coxless Fours,Silver
70979,William Lockwood,M,28.0,191.0,88.0,Australia,AUS,2016 Summer,2016,Summer,Rio de Janeiro,Rowing,Rowing Men's Coxless Fours,Silver
71030,Glen Loftus,M,28.0,187.0,70.0,Australia,AUS,2004 Summer,2004,Summer,Athina,Rowing,Rowing Men's Lightweight Coxless Fours,Silver
71203,Matthew Long,M,25.0,194.0,89.0,Australia,AUS,2000 Summer,2000,Summer,Sydney,Rowing,Rowing Men's Coxless Pairs,Bronze
71771,"Anthony ""Tony"" Lovrich",M,22.0,185.0,86.0,Australia,AUS,1984 Summer,1984,Summer,Los Angeles,Rowing,Rowing Men's Quadruple Sculls,Silver
72197,"Dinko ""Dean"" Lukin",M,24.0,180.0,138.0,Australia,AUS,1984 Summer,1984,Summer,Los Angeles,Weightlifting,Weightlifting Men's Super-Heavyweight,Gold
72665,"Beatrice ""Nancy"" Lyons (-Welch)",F,18.0,,,Australia,AUS,1948 Summer,1948,Summer,London,Swimming,Swimming Women's 200 metres Breaststroke,Silver
73050,Linda June MacKenzie (-Single),F,24.0,161.0,52.0,Australia,AUS,2008 Summer,2008,Summer,Beijing,Swimming,Swimming Women's 4 x 200 metres Freestyle Relay,Gold
73054,Stuart Alexander MacKenzie,M,19.0,,,Australia,AUS,1956 Summer,1956,Summer,Melbourne,Rowing,Rowing Men's Single Sculls,Silver
73061,Lisa Maree Mackie,F,20.0,179.0,72.0,Australia,AUS,1996 Summer,1996,Summer,Atlanta,Swimming,Swimming Women's 4 x 200 metres Freestyle Relay,Bronze
73109,Kathleen MacLeod,F,25.0,168.0,61.0,Australia,AUS,2012 Summer,2012,Summer,London,Basketball,Basketball Women's Basketball,Bronze
73141,"Kate ""Katie"" Mactier",F,29.0,171.0,57.0,Australia,AUS,2004 Summer,2004,Summer,Athina,Cycling,"Cycling Women's Individual Pursuit, 3,000 metres",Silver
73213,"Antony Morgan ""Tony"" Madigan",M,30.0,185.0,80.0,Australia,AUS,1960 Summer,1960,Summer,Roma,Boxing,Boxing Men's Light-Heavyweight,Bronze
73453,James Magnussen,M,21.0,198.0,94.0,Australia,AUS,2012 Summer,2012,Summer,London,Swimming,Swimming Men's 100 metres Freestyle,Silver
73453,James Magnussen,M,21.0,198.0,94.0,Australia,AUS,2012 Summer,2012,Summer,London,Swimming,Swimming Men's 4 x 100 metres Medley Relay,Bronze
73453,James Magnussen,M,25.0,198.0,94.0,Australia,AUS,2016 Summer,2016,Summer,Rio de Janeiro,Swimming,Swimming Men's 4 x 100 metres Freestyle Relay,Bronze
73534,Robyn Leigh Maher (Gull-),F,36.0,178.0,73.0,Australia,AUS,1996 Summer,1996,Summer,Atlanta,Basketball,Basketball Women's Basketball,Bronze
73719,Clover Margaret Maitland,F,24.0,168.0,62.0,Australia,AUS,1996 Summer,1996,Summer,Atlanta,Hockey,Hockey Women's Hockey,Gold
73719,Clover Margaret Maitland,F,28.0,168.0,62.0,Australia,AUS,2000 Summer,2000,Summer,Sydney,Hockey,Hockey Women's Hockey,Gold
74623,Garth Owen Vaughan Manton,M,26.0,,,Australia,AUS,1956 Summer,1956,Summer,Melbourne,Rowing,Rowing Men's Coxed Eights,Bronze
74731,James Marburg,M,25.0,191.0,94.0,Australia,AUS,2008 Summer,2008,Summer,Beijing,Rowing,Rowing Men's Coxless Fours,Silver
74788,"Anthony John ""Tony"" Marchant",M,19.0,,,Australia,AUS,1956 Summer,1956,Summer,Melbourne,Cycling,"Cycling Men's Tandem Sprint, 2,000 metres",Gold
75149,Russell Andrew Mark,M,32.0,183.0,85.0,Australia,AUS,1996 Summer,1996,Summer,Atlanta,Shooting,Shooting Men's Double Trap,Gold
75149,Russell Andrew Mark,M,36.0,183.0,85.0,Australia,AUS,2000 Summer,2000,Summer,Sydney,Shooting,Shooting Men's Double Trap,Silver
75376,Karen Elizabeth Marsden,F,33.0,176.0,68.0,Australia,AUS,1996 Summer,1996,Summer,Atlanta,Hockey,Hockey Women's Hockey,Gold
75414,John Birnie Marshall,M,18.0,,,Australia,AUS,1948 Summer,1948,Summer,London,Swimming,Swimming Men's 400 metres Freestyle,Bronze
75414,John Birnie Marshall,M,18.0,,,Australia,AUS,1948 Summer,1948,Summer,London,Swimming,"Swimming Men's 1,500 metres Freestyle",Silver
75556,"Donald ""Don"" Martin",M,28.0,179.0,76.0,Australia,AUS,1968 Summer,1968,Summer,Mexico City,Hockey,Hockey Men's Hockey,Silver
75656,Lisa Frances Martin-Ondieki (-O'Dea),F,28.0,168.0,47.0,Australia,AUS,1988 Summer,1988,Summer,Seoul,Athletics,Athletics Women's Marathon,Silver
76160,James Robert Mason,M,21.0,176.0,76.0,Australia,AUS,1968 Summer,1968,Summer,Mexico City,Hockey,Hockey Men's Hockey,Silver
76172,Michele Mary Mason-Brown,F,25.0,171.0,55.0,Australia,AUS,1964 Summer,1964,Summer,Tokyo,Athletics,Athletics Women's High Jump,Silver
76279,June Elaine Rita Maston (-Ferguson),F,20.0,,,Australia,AUS,1948 Summer,1948,Summer,London,Athletics,Athletics Women's 4 x 100 metres Relay,Silver
76400,Eli Matheson,M,25.0,175.0,70.0,Australia,AUS,2008 Summer,2008,Summer,Beijing,Hockey,Hockey Men's Hockey,Bronze
76406,Marlene Judith Mathews-Willard (-O'Shea),F,22.0,170.0,64.0,Australia,AUS,1956 Summer,1956,Summer,Melbourne,Athletics,Athletics Women's 100 metres,Bronze
76406,Marlene Judith Mathews-Willard (-O'Shea),F,22.0,170.0,64.0,Australia,AUS,1956 Summer,1956,Summer,Melbourne,Athletics,Athletics Women's 200 metres,Bronze
76481,Antony Matkovich,M,27.0,196.0,92.0,Australia,AUS,2004 Summer,2004,Summer,Athina,Swimming,Swimming Men's 4 x 200 metres Freestyle Relay,Silver
77004,Bronwyn Mayer-Smith,F,26.0,176.0,65.0,Australia,AUS,2000 Summer,2000,Summer,Sydney,Water Polo,Water Polo Women's Water Polo,Gold
77249,John Peter Robert McBryde,M,25.0,177.0,71.0,Australia,AUS,1964 Summer,1964,Summer,Tokyo,Hockey,Hockey Men's Hockey,Bronze
77291,Michael Anthony McCann,M,26.0,182.0,73.0,Australia,AUS,2004 Summer,2004,Summer,Athina,Hockey,Hockey Men's Hockey,Gold
77296,Wayne McCarney,M,22.0,181.0,76.0,Australia,AUS,1988 Summer,1988,Summer,Seoul,Cycling,"Cycling Men's Team Pursuit, 4,000 metres",Bronze
77335,"Lynette Velma ""Lyn"" McClements (-McKenzie)",F,17.0,177.0,66.0,Australia,AUS,1968 Summer,1968,Summer,Mexico City,Swimming,Swimming Women's 100 metres Butterfly,Gold
77335,"Lynette Velma ""Lyn"" McClements (-McKenzie)",F,17.0,177.0,66.0,Australia,AUS,1968 Summer,1968,Summer,Mexico City,Swimming,Swimming Women's 4 x 100 metres Medley Relay,Silver
77373,Alicia McCormack,F,25.0,167.0,76.0,Australia,AUS,2008 Summer,2008,Summer,Beijing,Water Polo,Water Polo Women's Water Polo,Bronze
77373,Alicia McCormack,F,29.0,167.0,76.0,Australia,AUS,2012 Summer,2012,Summer,London,Water Polo,Water Polo Women's Water Polo,Bronze
77423,Kaarle McCulloch,F,24.0,168.0,69.0,Australia,AUS,2012 Summer,2012,Summer,London,Cycling,Cycling Women's Team Sprint,Bronze
77438,Sally Jane McDermid-McCreedy,F,31.0,176.0,80.0,Australia,AUS,1996 Summer,1996,Summer,Atlanta,Softball,Softball Women's Softball,Bronze
77438,Sally Jane McDermid-McCreedy,F,35.0,176.0,80.0,Australia,AUS,2000 Summer,2000,Summer,Sydney,Softball,Softball Women's Softball,Bronze
77467,Julie Maree McDonald,F,18.0,174.0,66.0,Australia,AUS,1988 Summer,1988,Summer,Seoul,Swimming,Swimming Women's 800 metres Freestyle,Bronze
77505,Cameron McEvoy,M,22.0,185.0,70.0,Australia,AUS,2016 Summer,2016,Summer,Rio de Janeiro,Swimming,Swimming Men's 4 x 100 metres Freestyle Relay,Bronze
77505,Cameron McEvoy,M,22.0,185.0,70.0,Australia,AUS,2016 Summer,2016,Summer,Rio de Janeiro,Swimming,Swimming Men's 4 x 100 metres Medley Relay,Bronze
77534,"Bradley John ""Brad"" McGee",M,20.0,182.0,72.0,Australia,AUS,1996 Summer,1996,Summer,Atlanta,Cycling,"Cycling Men's Individual Pursuit, 4,000 metres",Bronze
77534,"Bradley John ""Brad"" McGee",M,20.0,182.0,72.0,Australia,AUS,1996 Summer,1996,Summer,Atlanta,Cycling,"Cycling Men's Team Pursuit, 4,000 metres",Bronze
77534,"Bradley John ""Brad"" McGee",M,24.0,182.0,72.0,Australia,AUS,2000 Summer,2000,Summer,Sydney,Cycling,"Cycling Men's Individual Pursuit, 4,000 metres",Bronze
77534,"Bradley John ""Brad"" McGee",M,28.0,182.0,72.0,Australia,AUS,2004 Summer,2004,Summer,Athina,Cycling,"Cycling Men's Individual Pursuit, 4,000 metres",Silver
77534,"Bradley John ""Brad"" McGee",M,28.0,182.0,72.0,Australia,AUS,2004 Summer,2004,Summer,Athina,Cycling,"Cycling Men's Team Pursuit, 4,000 metres",Gold
77556,Stephen John McGlede,M,19.0,177.0,71.0,Australia,AUS,1988 Summer,1988,Summer,Seoul,Cycling,"Cycling Men's Team Pursuit, 4,000 metres",Bronze
77556,Stephen John McGlede,M,23.0,177.0,71.0,Australia,AUS,1992 Summer,1992,Summer,Barcelona,Cycling,"Cycling Men's Team Pursuit, 4,000 metres",Silver
77595,Scott Anthony McGrory,M,18.0,185.0,73.0,Australia,AUS,1988 Summer,1988,Summer,Seoul,Cycling,"Cycling Men's Team Pursuit, 4,000 metres",Bronze
77595,Scott Anthony McGrory,M,30.0,185.0,73.0,Australia,AUS,2000 Summer,2000,Summer,Sydney,Cycling,Cycling Men's Madison,Gold
77661,"Michael Scott ""Mike"" McKay",M,27.0,192.0,91.0,Australia,AUS,1992 Summer,1992,Summer,Barcelona,Rowing,Rowing Men's Coxless Fours,Gold
77661,"Michael Scott ""Mike"" McKay",M,31.0,192.0,91.0,Australia,AUS,1996 Summer,1996,Summer,Atlanta,Rowing,Rowing Men's Coxless Fours,Gold
77661,"Michael Scott ""Mike"" McKay",M,35.0,192.0,91.0,Australia,AUS,2000 Summer,2000,Summer,Sydney,Rowing,Rowing Men's Coxed Eights,Silver
77661,"Michael Scott ""Mike"" McKay",M,39.0,192.0,91.0,Australia,AUS,2004 Summer,2004,Summer,Athina,Rowing,Rowing Men's Coxed Eights,Bronze
77712,"Cameron ""Maxi"" McKenzie-McHarg",M,28.0,196.0,98.0,Australia,AUS,2008 Summer,2008,Summer,Beijing,Rowing,Rowing Men's Coxless Fours,Silver
77716,Emma McKeon,F,22.0,180.0,60.0,Australia,AUS,2016 Summer,2016,Summer,Rio de Janeiro,Swimming,Swimming Women's 200 metres Freestyle,Bronze
77716,Emma McKeon,F,22.0,180.0,60.0,Australia,AUS,2016 Summer,2016,Summer,Rio de Janeiro,Swimming,Swimming Women's 4 x 100 metres Freestyle Relay,Gold
77716,Emma McKeon,F,22.0,180.0,60.0,Australia,AUS,2016 Summer,2016,Summer,Rio de Janeiro,Swimming,Swimming Women's 4 x 200 metres Freestyle Relay,Silver
77716,Emma McKeon,F,22.0,180.0,60.0,Australia,AUS,2016 Summer,2016,Summer,Rio de Janeiro,Swimming,Swimming Women's 4 x 100 metres Medley Relay,Silver
77721,Taylor McKeown,F,21.0,178.0,65.0,Australia,AUS,2016 Summer,2016,Summer,Rio de Janeiro,Swimming,Swimming Women's 4 x 100 metres Medley Relay,Silver
77750,Betty Lindsay McKinnon,F,23.0,,,Australia,AUS,1948 Summer,1948,Summer,London,Athletics,Athletics Women's 4 x 100 metres Relay,Silver
77773,"Timothy George ""Tim"" McLaren",M,27.0,193.0,89.0,Australia,AUS,1984 Summer,1984,Summer,Los Angeles,Rowing,Rowing Men's Quadruple Sculls,Silver
77809,Sally McLellan-Pearson,F,21.0,167.0,60.0,Australia,AUS,2008 Summer,2008,Summer,Beijing,Athletics,Athletics Women's 100 metres Hurdles,Silver
77809,Sally McLellan-Pearson,F,25.0,167.0,60.0,Australia,AUS,2012 Summer,2012,Summer,London,Athletics,Athletics Women's 100 metres Hurdles,Gold
77929,Louise McPaul-Currey,F,27.0,175.0,68.0,Australia,AUS,1996 Summer,1996,Summer,Atlanta,Athletics,Athletics Women's Javelin Throw,Silver
77952,Rachel Jane McQuillan,F,20.0,174.0,61.0,Australia,AUS,1992 Summer,1992,Summer,Barcelona,Tennis,Tennis Women's Doubles,Bronze
77954,Francine McRae,F,27.0,172.0,64.0,Australia,AUS,1996 Summer,1996,Summer,Atlanta,Softball,Softball Women's Softball,Bronze
77955,James McRae,M,25.0,193.0,93.0,Australia,AUS,2012 Summer,2012,Summer,London,Rowing,Rowing Men's Quadruple Sculls,Bronze
77955,James McRae,M,29.0,193.0,93.0,Australia,AUS,2016 Summer,2016,Summer,Rio de Janeiro,Rowing,Rowing Men's Quadruple Sculls,Silver
77975,"Donald James ""Don"" McWatters",M,23.0,183.0,79.0,Australia,AUS,1964 Summer,1964,Summer,Tokyo,Hockey,Hockey Men's Hockey,Bronze
77999,"Philomena Alecia ""Bonnie"" Mealing (-Johnston)",F,19.0,160.0,,Australia,AUS,1932 Summer,1932,Summer,Los Angeles,Swimming,Swimming Women's 100 metres Backstroke,Silver
78005,Anna Maree Devenish Meares,F,20.0,165.0,70.0,Australia,AUS,2004 Summer,2004,Summer,Athina,Cycling,Cycling Women's Sprint,Bronze
78005,Anna Maree Devenish Meares,F,20.0,165.0,70.0,Australia,AUS,2004 Summer,2004,Summer,Athina,Cycling,Cycling Women's 500 metres Time Trial,Gold
78005,Anna Maree Devenish Meares,F,24.0,165.0,70.0,Australia,AUS,2008 Summer,2008,Summer,Beijing,Cycling,Cycling Women's Sprint,Silver
78005,Anna Maree Devenish Meares,F,28.0,165.0,70.0,Australia,AUS,2012 Summer,2012,Summer,London,Cycling,Cycling Women's Sprint,Gold
78005,Anna Maree Devenish Meares,F,28.0,165.0,70.0,Australia,AUS,2012 Summer,2012,Summer,London,Cycling,Cycling Women's Team Sprint,Bronze
78005,Anna Maree Devenish Meares,F,32.0,165.0,70.0,Australia,AUS,2016 Summer,2016,Summer,Rio de Janeiro,Cycling,Cycling Women's Keirin,Bronze
78124,Chantal Olivia Meek,F,29.0,162.0,55.0,Australia,AUS,2008 Summer,2008,Summer,Beijing,Canoeing,"Canoeing Women's Kayak Fours, 500 metres",Bronze
78484,Fleur Northey Mellor (-Wenham),F,20.0,,,Australia,AUS,1956 Summer,1956,Summer,Melbourne,Athletics,Athletics Women's 4 x 100 metres Relay,Gold
79107,"John Patrick ""Jack"" Metcalfe",M,24.0,183.0,80.0,Australia,AUS,1936 Summer,1936,Summer,Berlin,Athletics,Athletics Men's Triple Jump,Bronze
79143,"Maxwell Raymond ""Max"" Metzker",M,20.0,179.0,70.0,Australia,AUS,1980 Summer,1980,Summer,Moskva,Swimming,"Swimming Men's 1,500 metres Freestyle",Bronze
79420,Chantelle Lee Michell-Newbery,F,27.0,153.0,53.0,Australia,AUS,2004 Summer,2004,Summer,Athina,Diving,Diving Women's Platform,Gold
79420,Chantelle Lee Michell-Newbery,F,27.0,153.0,53.0,Australia,AUS,2004 Summer,2004,Summer,Athina,Diving,Diving Women's Synchronized Springboard,Bronze
79890,Gail Louise Miller (-Tune),F,23.0,180.0,65.0,Australia,AUS,2000 Summer,2000,Summer,Sydney,Water Polo,Water Polo Women's Water Polo,Gold
79936,Scott Andrew Miller,M,21.0,193.0,93.0,Australia,AUS,1996 Summer,1996,Summer,Atlanta,Swimming,Swimming Men's 100 metres Butterfly,Silver
79936,Scott Andrew Miller,M,21.0,193.0,93.0,Australia,AUS,1996 Summer,1996,Summer,Atlanta,Swimming,Swimming Men's 4 x 100 metres Medley Relay,Bronze
79969,Alice Mary Mills (-Tait),F,18.0,175.0,63.0,Australia,AUS,2004 Summer,2004,Summer,Athina,Swimming,Swimming Women's 4 x 100 metres Freestyle Relay,Gold
79969,Alice Mary Mills (-Tait),F,18.0,175.0,63.0,Australia,AUS,2004 Summer,2004,Summer,Athina,Swimming,Swimming Women's 4 x 100 metres Medley Relay,Gold
79969,Alice Mary Mills (-Tait),F,22.0,175.0,63.0,Australia,AUS,2008 Summer,2008,Summer,Beijing,Swimming,Swimming Women's 4 x 100 metres Freestyle Relay,Bronze
79980,Melissa Ann Mills,F,26.0,180.0,67.0,Australia,AUS,2000 Summer,2000,Summer,Sydney,Water Polo,Water Polo Women's Water Polo,Gold
80388,"Matthew John ""Matt"" Mitcham",M,20.0,174.0,67.0,Australia,AUS,2008 Summer,2008,Summer,Beijing,Diving,Diving Men's Platform,Gold
80428,"Richard Charles ""Rick"" Mitchell",M,25.0,183.0,71.0,Australia,AUS,1980 Summer,1980,Summer,Moskva,Athletics,Athletics Men's 400 metres,Silver
80435,Ryan Scott Mitchell,M,23.0,185.0,77.0,Australia,AUS,2000 Summer,2000,Summer,Sydney,Swimming,Swimming Men's 4 x 100 metres Medley Relay,Silver
80443,Claire Mitchell-Taverner,F,30.0,164.0,56.0,Australia,AUS,2000 Summer,2000,Summer,Sydney,Hockey,Hockey Women's Hockey,Gold
80777,Edward Russell Mockridge,M,23.0,,,Australia,AUS,1952 Summer,1952,Summer,Helsinki,Cycling,"Cycling Men's 1,000 metres Time Trial",Gold
80777,Edward Russell Mockridge,M,23.0,,,Australia,AUS,1952 Summer,1952,Summer,Helsinki,Cycling,"Cycling Men's Tandem Sprint, 2,000 metres",Gold
80846,Emma Moffatt,F,23.0,171.0,57.0,Australia,AUS,2008 Summer,2008,Summer,Beijing,Triathlon,Triathlon Women's Olympic Distance,Bronze
81119,Alicia Molik,F,23.0,182.0,78.0,Australia,AUS,2004 Summer,2004,Summer,Athina,Tennis,Tennis Women's Singles,Bronze
81308,John James Monckton,M,18.0,192.0,83.0,Australia,AUS,1956 Summer,1956,Summer,Melbourne,Swimming,Swimming Men's 100 metres Backstroke,Silver
81341,Adrian Calero Monger,M,23.0,,,Australia,AUS,1956 Summer,1956,Summer,Melbourne,Rowing,Rowing Men's Coxed Eights,Bronze
81812,Jane Moran,F,27.0,167.0,70.0,Australia,AUS,2012 Summer,2012,Summer,London,Water Polo,Water Polo Women's Water Polo,Bronze
81827,Karen Lynne Moras (-Stephenson),F,14.0,168.0,53.0,Australia,AUS,1968 Summer,1968,Summer,Mexico City,Swimming,Swimming Women's 400 metres Freestyle,Bronze
82016,"Christopher ""Chris"" Morgan",M,29.0,191.0,90.0,Australia,AUS,2012 Summer,2012,Summer,London,Rowing,Rowing Men's Quadruple Sculls,Bronze
82020,David Morgan,M,22.0,184.0,82.0,Australia,AUS,2016 Summer,2016,Summer,Rio de Janeiro,Swimming,Swimming Men's 4 x 100 metres Medley Relay,Bronze
82035,"Lawrence Robert ""Laurie"" Morgan",M,45.0,180.0,73.0,Australia,AUS,1960 Summer,1960,Summer,Roma,Equestrianism,"Equestrianism Men's Three-Day Event, Individual",Gold
82035,"Lawrence Robert ""Laurie"" Morgan",M,45.0,180.0,73.0,Australia,AUS,1960 Summer,1960,Summer,Roma,Equestrianism,"Equestrianism Men's Three-Day Event, Team",Gold
82039,Michael Dennis Morgan,M,21.0,188.0,90.0,Australia,AUS,1968 Summer,1968,Summer,Mexico City,Rowing,Rowing Men's Coxed Eights,Silver
82042,Sandra Anne Morgan (-Beavis),F,14.0,167.0,67.0,Australia,AUS,1956 Summer,1956,Summer,Melbourne,Swimming,Swimming Women's 4 x 100 metres Freestyle Relay,Gold
82042,Sandra Anne Morgan (-Beavis),F,18.0,167.0,67.0,Australia,AUS,1960 Summer,1960,Summer,Roma,Swimming,Swimming Women's 4 x 100 metres Freestyle Relay,Silver
82255,"Jennifer Lynn ""Jenny"" Morris",F,23.0,172.0,69.0,Australia,AUS,1996 Summer,1996,Summer,Atlanta,Hockey,Hockey Women's Hockey,Gold
82255,"Jennifer Lynn ""Jenny"" Morris",F,27.0,172.0,69.0,Australia,AUS,2000 Summer,2000,Summer,Sydney,Hockey,Hockey Women's Hockey,Gold
82308,Simmone Anne Morrow,F,23.0,169.0,62.0,Australia,AUS,2000 Summer,2000,Summer,Sydney,Softball,Softball Women's Softball,Bronze
82308,Simmone Anne Morrow,F,27.0,169.0,62.0,Australia,AUS,2004 Summer,2004,Summer,Athina,Softball,Softball Women's Softball,Silver
82308,Simmone Anne Morrow,F,31.0,169.0,62.0,Australia,AUS,2008 Summer,2008,Summer,Beijing,Softball,Softball Women's Softball,Bronze
82447,Tracey Mosley,F,30.0,170.0,73.0,Australia,AUS,2004 Summer,2004,Summer,Athina,Softball,Softball Women's Softball,Silver
82447,Tracey Mosley,F,34.0,170.0,73.0,Australia,AUS,2008 Summer,2008,Summer,Beijing,Softball,Softball Women's Softball,Bronze
82695,Stephen Martin Mowlam,M,27.0,182.0,73.0,Australia,AUS,2004 Summer,2004,Summer,Athina,Hockey,Hockey Men's Hockey,Gold
83008,Gael Patricia Mulhall-Martin,F,27.0,175.0,98.0,Australia,AUS,1984 Summer,1984,Summer,Los Angeles,Athletics,Athletics Women's Shot Put,Bronze
83053,Craig John Muller,M,23.0,189.0,85.0,Australia,AUS,1984 Summer,1984,Summer,Los Angeles,Rowing,Rowing Men's Coxed Eights,Bronze
83528,Janice Murphy,F,21.0,,,Australia,AUS,1964 Summer,1964,Summer,Tokyo,Swimming,Swimming Women's 4 x 100 metres Freestyle Relay,Silver
83543,Patrick Murphy,M,24.0,190.0,88.0,Australia,AUS,2008 Summer,2008,Summer,Beijing,Swimming,Swimming Men's 4 x 100 metres Freestyle Relay,Bronze
83543,Patrick Murphy,M,24.0,190.0,88.0,Australia,AUS,2008 Summer,2008,Summer,Beijing,Swimming,Swimming Men's 4 x 200 metres Freestyle Relay,Bronze
83955,Devereaux Reginald Mytton,M,32.0,,,Buraddoo,AUS,1956 Summer,1956,Summer,Melbourne,Sailing,Sailing Mixed 5.5 metres,Bronze
84971,Leah Neale,F,21.0,173.0,66.0,Australia,AUS,2016 Summer,2016,Summer,Rio de Janeiro,Swimming,Swimming Women's 4 x 200 metres Freestyle Relay,Silver
84973,Gail Neall (-Yeoh),F,17.0,163.0,52.0,Australia,AUS,1972 Summer,1972,Summer,Munich,Swimming,Swimming Women's 400 metres Individual Medley,Gold
85125,Jade Neilsen,F,21.0,175.0,70.0,Australia,AUS,2012 Summer,2012,Summer,London,Swimming,Swimming Women's 4 x 200 metres Freestyle Relay,Silver
85145,Gary Malcolm Neiwand,M,22.0,176.0,86.0,Australia,AUS,1988 Summer,1988,Summer,Seoul,Cycling,Cycling Men's Sprint,Bronze
85145,Gary Malcolm Neiwand,M,25.0,176.0,86.0,Australia,AUS,1992 Summer,1992,Summer,Barcelona,Cycling,Cycling Men's Sprint,Silver
85145,Gary Malcolm Neiwand,M,34.0,176.0,86.0,Australia,AUS,2000 Summer,2000,Summer,Sydney,Cycling,Cycling Men's Keirin,Silver
85145,Gary Malcolm Neiwand,M,34.0,176.0,86.0,Australia,AUS,2000 Summer,2000,Summer,Sydney,Cycling,Cycling Men's Team Sprint,Bronze
85553,Robert Frederick Newbery,M,21.0,174.0,70.0,Australia,AUS,2000 Summer,2000,Summer,Sydney,Diving,Diving Men's Synchronized Springboard,Bronze
85553,Robert Frederick Newbery,M,25.0,174.0,70.0,Australia,AUS,2004 Summer,2004,Summer,Athina,Diving,Diving Men's Synchronized Springboard,Bronze
85553,Robert Frederick Newbery,M,25.0,174.0,70.0,Australia,AUS,2004 Summer,2004,Summer,Athina,Diving,Diving Men's Synchronized Platform,Bronze
85818,Kevin John Nichols,M,29.0,175.0,68.0,Australia,AUS,1984 Summer,1984,Summer,Los Angeles,Cycling,"Cycling Men's Team Pursuit, 4,000 metres",Gold
85831,John Michael Nicholson,M,23.0,180.0,83.0,Australia,AUS,1972 Summer,1972,Summer,Munich,Cycling,Cycling Men's Sprint,Silver
86328,Patrick Joseph Nilan,M,23.0,172.0,67.0,Australia,AUS,1964 Summer,1964,Summer,Tokyo,Hockey,Hockey Men's Hockey,Bronze
86328,Patrick Joseph Nilan,M,27.0,172.0,67.0,Australia,AUS,1968 Summer,1968,Summer,Mexico City,Hockey,Hockey Men's Hockey,Silver
86379,"David Wayne ""Dave"" Nilsson",M,34.0,193.0,110.0,Australia,AUS,2004 Summer,2004,Summer,Athina,Baseball,Baseball Men's Baseball,Silver
86825,Daniel Noonan,M,32.0,187.0,90.0,Australia,AUS,2012 Summer,2012,Summer,London,Rowing,Rowing Men's Quadruple Sculls,Bronze
86955,Peter George Norman,M,26.0,178.0,73.0,Australia,AUS,1968 Summer,1968,Summer,Mexico City,Athletics,Athletics Men's 200 metres,Silver
86985,Justin Neville Norris,M,20.0,185.0,82.0,Australia,AUS,2000 Summer,2000,Summer,Sydney,Swimming,Swimming Men's 200 metres Butterfly,Bronze
87000,"William Herbert ""Bill"" Northam",M,59.0,183.0,81.0,Barrenjoey,AUS,1964 Summer,1964,Summer,Tokyo,Sailing,Sailing Mixed 5.5 metres,Gold
87354,"Glynis Leanne Nunn (Saunders-, -Cearns)",F,23.0,168.0,58.0,Australia,AUS,1984 Summer,1984,Summer,Los Angeles,Athletics,Athletics Women's Heptathlon,Gold
87660,Lovett Ian O'Brien,M,17.0,185.0,89.0,Australia,AUS,1964 Summer,1964,Summer,Tokyo,Swimming,Swimming Men's 200 metres Breaststroke,Gold
87660,Lovett Ian O'Brien,M,17.0,185.0,89.0,Australia,AUS,1964 Summer,1964,Summer,Tokyo,Swimming,Swimming Men's 4 x 100 metres Medley Relay,Bronze
87678,Shaun William O'Brien,M,23.0,179.0,72.0,Australia,AUS,1992 Summer,1992,Summer,Barcelona,Cycling,"Cycling Men's Team Pursuit, 4,000 metres",Silver
87940,"Edward ""Eddie"" Ockenden",M,21.0,180.0,73.0,Australia,AUS,2008 Summer,2008,Summer,Beijing,Hockey,Hockey Men's Hockey,Bronze
87940,"Edward ""Eddie"" Ockenden",M,25.0,180.0,73.0,Australia,AUS,2012 Summer,2012,Summer,London,Hockey,Hockey Men's Hockey,Bronze
87953,Peter Joseph O'Donnell,M,25.0,183.0,89.0,Barrenjoey,AUS,1964 Summer,1964,Summer,Tokyo,Sailing,Sailing Mixed 5.5 metres,Gold
88067,Trent Carl Wayne Oeltjen,M,21.0,188.0,88.0,Australia,AUS,2004 Summer,2004,Summer,Athina,Baseball,Baseball Men's Baseball,Silver
88124,Stuart Peter O'Grady,M,18.0,177.0,71.0,Australia,AUS,1992 Summer,1992,Summer,Barcelona,Cycling,"Cycling Men's Team Pursuit, 4,000 metres",Silver
88124,Stuart Peter O'Grady,M,22.0,177.0,71.0,Australia,AUS,1996 Summer,1996,Summer,Atlanta,Cycling,"Cycling Men's Team Pursuit, 4,000 metres",Bronze
88124,Stuart Peter O'Grady,M,22.0,177.0,71.0,Australia,AUS,1996 Summer,1996,Summer,Atlanta,Cycling,Cycling Men's Points Race,Bronze
88124,Stuart Peter O'Grady,M,31.0,177.0,71.0,Australia,AUS,2004 Summer,2004,Summer,Athina,Cycling,Cycling Men's Madison,Gold
88221,Kevin O'Halloran,M,19.0,,,Australia,AUS,1956 Summer,1956,Summer,Melbourne,Swimming,Swimming Men's 4 x 200 metres Freestyle Relay,Gold
88233,Jenna O'Hea,F,25.0,186.0,76.0,Australia,AUS,2012 Summer,2012,Summer,London,Basketball,Basketball Women's Basketball,Bronze
88625,Lisa Oldenhof,F,28.0,169.0,63.0,Australia,AUS,2008 Summer,2008,Summer,Beijing,Canoeing,"Canoeing Women's Kayak Fours, 500 metres",Bronze
89117,"Susan ""Susie"" O'Neill",F,18.0,171.0,63.0,Australia,AUS,1992 Summer,1992,Summer,Barcelona,Swimming,Swimming Women's 200 metres Butterfly,Bronze
89117,"Susan ""Susie"" O'Neill",F,22.0,171.0,63.0,Australia,AUS,1996 Summer,1996,Summer,Atlanta,Swimming,Swimming Women's 4 x 200 metres Freestyle Relay,Bronze
89117,"Susan ""Susie"" O'Neill",F,22.0,171.0,63.0,Australia,AUS,1996 Summer,1996,Summer,Atlanta,Swimming,Swimming Women's 200 metres Butterfly,Gold
89117,"Susan ""Susie"" O'Neill",F,22.0,171.0,63.0,Australia,AUS,1996 Summer,1996,Summer,Atlanta,Swimming,Swimming Women's 4 x 100 metres Medley Relay,Silver
89117,"Susan ""Susie"" O'Neill",F,27.0,171.0,63.0,Australia,AUS,2000 Summer,2000,Summer,Sydney,Swimming,Swimming Women's 200 metres Freestyle,Gold
89117,"Susan ""Susie"" O'Neill",F,27.0,171.0,63.0,Australia,AUS,2000 Summer,2000,Summer,Sydney,Swimming,Swimming Women's 4 x 200 metres Freestyle Relay,Silver
89117,"Susan ""Susie"" O'Neill",F,27.0,171.0,63.0,Australia,AUS,2000 Summer,2000,Summer,Sydney,Swimming,Swimming Women's 200 metres Butterfly,Silver
89117,"Susan ""Susie"" O'Neill",F,27.0,171.0,63.0,Australia,AUS,2000 Summer,2000,Summer,Sydney,Swimming,Swimming Women's 4 x 100 metres Medley Relay,Silver
89373,Simon Orchard,M,26.0,186.0,82.0,Australia,AUS,2012 Summer,2012,Summer,London,Hockey,Hockey Men's Hockey,Bronze
89483,Mark Sebastian Clive Ormrod,M,21.0,185.0,73.0,Australia,AUS,2004 Summer,2004,Summer,Athina,Athletics,Athletics Men's 4 x 400 metres Relay,Silver
89655,Timothy Leo O'Shannessey,M,24.0,182.0,77.0,Australia,AUS,1996 Summer,1996,Summer,Atlanta,Cycling,"Cycling Men's Team Pursuit, 4,000 metres",Bronze
89659,Glenn O'Shea,M,23.0,180.0,76.0,Australia,AUS,2012 Summer,2012,Summer,London,Cycling,"Cycling Men's Team Pursuit, 4,000 metres",Silver
90086,Wayne Daniel Ough,M,25.0,190.0,95.0,Australia,AUS,2004 Summer,2004,Summer,Athina,Baseball,Baseball Men's Baseball,Silver
90143,Sarah Anne Outhwaite-Tait,F,29.0,180.0,70.0,Australia,AUS,2012 Summer,2012,Summer,London,Rowing,Rowing Women's Coxless Pairs,Silver
90144,Nathan Outteridge,M,26.0,179.0,75.0,Australia,AUS,2012 Summer,2012,Summer,London,Sailing,Sailing Men's Skiff,Gold
90144,Nathan Outteridge,M,30.0,179.0,75.0,Australia,AUS,2016 Summer,2016,Summer,Rio de Janeiro,Sailing,Sailing Men's Skiff,Silver
90257,Chris Andrew Oxspring,M,27.0,184.0,82.0,Australia,AUS,2004 Summer,2004,Summer,Athina,Baseball,Baseball Men's Baseball,Silver
90447,Jake Packard,M,22.0,195.0,68.0,Australia,AUS,2016 Summer,2016,Summer,Rio de Janeiro,Swimming,Swimming Men's 4 x 100 metres Medley Relay,Bronze
90556,Malcolm George Page,M,36.0,185.0,71.0,Australia,AUS,2008 Summer,2008,Summer,Beijing,Sailing,Sailing Men's Two Person Dinghy,Gold
90556,Malcolm George Page,M,40.0,185.0,71.0,Australia,AUS,2012 Summer,2012,Summer,London,Sailing,Sailing Men's Two Person Dinghy,Gold
90603,"Edward Oscar Guthrie ""Ted"" Pain",M,26.0,,,Australia,AUS,1952 Summer,1952,Summer,Helsinki,Rowing,Rowing Men's Coxed Eights,Bronze
90855,Kirk Palmer,M,21.0,194.0,87.0,Australia,AUS,2008 Summer,2008,Summer,Beijing,Swimming,Swimming Men's 4 x 200 metres Freestyle Relay,Bronze
90856,Kylie Jayne Palmer,F,18.0,172.0,64.0,Australia,AUS,2008 Summer,2008,Summer,Beijing,Swimming,Swimming Women's 4 x 200 metres Freestyle Relay,Gold
90856,Kylie Jayne Palmer,F,22.0,172.0,64.0,Australia,AUS,2012 Summer,2012,Summer,London,Swimming,Swimming Women's 4 x 200 metres Freestyle Relay,Silver
91655,George Richard Parker,M,,183.0,81.0,Australia,AUS,1920 Summer,1920,Summer,Antwerpen,Athletics,"Athletics Men's 3,000 metres Walk",Silver
91704,Tessa Parkinson,F,21.0,177.0,66.0,Australia,AUS,2008 Summer,2008,Summer,Beijing,Sailing,Sailing Women's Two Person Dinghy,Gold
91785,Shannon Parry,F,26.0,170.0,70.0,Australia,AUS,2016 Summer,2016,Summer,Rio de Janeiro,Rugby Sevens,Rugby Sevens Women's Rugby Sevens,Gold
91838,Kathleen Anne Partridge,F,24.0,170.0,72.0,Australia,AUS,1988 Summer,1988,Summer,Seoul,Hockey,Hockey Women's Hockey,Gold
91999,Glenn Scott Patching,M,22.0,189.0,84.0,Australia,AUS,1980 Summer,1980,Summer,Moskva,Swimming,Swimming Men's 4 x 100 metres Medley Relay,Gold
92100,"Samuel ""Sam"" Patten",M,21.0,194.0,90.0,Australia,AUS,1984 Summer,1984,Summer,Los Angeles,Rowing,Rowing Men's Coxed Eights,Bronze
92491,"Henry Robert ""Bobby"" Pearce",M,22.0,188.0,92.0,Australia,AUS,1928 Summer,1928,Summer,Amsterdam,Rowing,Rowing Men's Single Sculls,Gold
92491,"Henry Robert ""Bobby"" Pearce",M,26.0,188.0,92.0,Australia,AUS,1932 Summer,1932,Summer,Los Angeles,Rowing,Rowing Men's Single Sculls,Gold
92497,Eric Robert Pearce,M,32.0,180.0,76.0,Australia,AUS,1964 Summer,1964,Summer,Tokyo,Hockey,Hockey Men's Hockey,Bronze
92497,Eric Robert Pearce,M,36.0,180.0,76.0,Australia,AUS,1968 Summer,1968,Summer,Mexico City,Hockey,Hockey Men's Hockey,Silver
92498,Gary Malcolm Pearce,M,24.0,182.0,86.0,Australia,AUS,1968 Summer,1968,Summer,Mexico City,Rowing,Rowing Men's Coxed Eights,Silver
92499,Gordon Charles Pearce,M,34.0,175.0,70.0,Australia,AUS,1968 Summer,1968,Summer,Mexico City,Hockey,Hockey Men's Hockey,Silver
92502,Julian Brian Pearce,M,27.0,183.0,77.0,Australia,AUS,1964 Summer,1964,Summer,Tokyo,Hockey,Hockey Men's Hockey,Bronze
92502,Julian Brian Pearce,M,31.0,183.0,77.0,Australia,AUS,1968 Summer,1968,Summer,Mexico City,Hockey,Hockey Men's Hockey,Silver
92521,Michelle Robyn Pearson,F,22.0,183.0,71.0,Australia,AUS,1984 Summer,1984,Summer,Los Angeles,Swimming,Swimming Women's 200 metres Individual Medley,Bronze
92524,Todd Robert Pearson,M,22.0,189.0,84.0,Australia,AUS,2000 Summer,2000,Summer,Sydney,Swimming,Swimming Men's 4 x 100 metres Freestyle Relay,Gold
92524,Todd Robert Pearson,M,22.0,189.0,84.0,Australia,AUS,2000 Summer,2000,Summer,Sydney,Swimming,Swimming Men's 4 x 200 metres Freestyle Relay,Gold
92524,Todd Robert Pearson,M,26.0,189.0,84.0,Australia,AUS,2004 Summer,2004,Summer,Athina,Swimming,Swimming Men's 4 x 200 metres Freestyle Relay,Silver
92719,Alison Louise Peek,F,30.0,168.0,61.0,Australia,AUS,2000 Summer,2000,Summer,Sydney,Hockey,Hockey Women's Hockey,Gold
92796,Mria Pekli (-Kelly),F,28.0,158.0,57.0,Australia,AUS,2000 Summer,2000,Summer,Sydney,Judo,Judo Women's Lightweight,Bronze
92831,Evania Pelite,F,21.0,169.0,67.0,Australia,AUS,2016 Summer,2016,Summer,Rio de Janeiro,Rugby Sevens,Rugby Sevens Women's Rugby Sevens,Gold
93189,"Jacqueline Margaret ""Jackie"" Pereira",F,23.0,157.0,50.0,Australia,AUS,1988 Summer,1988,Summer,Seoul,Hockey,Hockey Women's Hockey,Gold
93189,"Jacqueline Margaret ""Jackie"" Pereira",F,31.0,157.0,50.0,Australia,AUS,1996 Summer,1996,Summer,Atlanta,Hockey,Hockey Women's Hockey,Gold
93453,"Nova Maree Peris-Kneebone (-Batman, -Appleton)",F,25.0,170.0,56.0,Australia,AUS,1996 Summer,1996,Summer,Atlanta,Hockey,Hockey Women's Hockey,Gold
93466,Kieren John Perkins,M,18.0,194.0,90.0,Australia,AUS,1992 Summer,1992,Summer,Barcelona,Swimming,Swimming Men's 400 metres Freestyle,Silver
93466,Kieren John Perkins,M,18.0,194.0,90.0,Australia,AUS,1992 Summer,1992,Summer,Barcelona,Swimming,"Swimming Men's 1,500 metres Freestyle",Gold
93466,Kieren John Perkins,M,22.0,194.0,90.0,Australia,AUS,1996 Summer,1996,Summer,Atlanta,Swimming,"Swimming Men's 1,500 metres Freestyle",Gold
93466,Kieren John Perkins,M,27.0,194.0,90.0,Australia,AUS,2000 Summer,2000,Summer,Sydney,Swimming,"Swimming Men's 1,500 metres Freestyle",Silver
93469,Shane Perkins,M,25.0,178.0,90.0,Australia,AUS,2012 Summer,2012,Summer,London,Cycling,Cycling Men's Sprint,Bronze
94055,Haylea Petrie,F,27.0,169.0,70.0,Australia,AUS,1996 Summer,1996,Summer,Atlanta,Softball,Softball Women's Softball,Bronze
94471,Erin Victoria Phillips,F,23.0,173.0,70.0,Australia,AUS,2008 Summer,2008,Summer,Beijing,Basketball,Basketball Women's Basketball,Silver
94483,Karen Anne Phillips (-Higgison),F,18.0,170.0,58.0,Australia,AUS,1984 Summer,1984,Summer,Los Angeles,Swimming,Swimming Women's 200 metres Butterfly,Silver
94802,Denis Pigott,M,29.0,173.0,68.0,Australia,AUS,1976 Summer,1976,Summer,Montreal,Equestrianism,"Equestrianism Mixed Three-Day Event, Team",Bronze
94947,Adam Robert Pine,M,24.0,183.0,80.0,Australia,AUS,2000 Summer,2000,Summer,Sydney,Swimming,Swimming Men's 4 x 100 metres Freestyle Relay,Gold
94947,Adam Robert Pine,M,24.0,183.0,80.0,Australia,AUS,2000 Summer,2000,Summer,Sydney,Swimming,Swimming Men's 4 x 100 metres Medley Relay,Silver
94947,Adam Robert Pine,M,32.0,183.0,80.0,Australia,AUS,2008 Summer,2008,Summer,Beijing,Swimming,Swimming Men's 4 x 100 metres Medley Relay,Silver
95094,Desmond Royle Piper,M,23.0,173.0,73.0,Australia,AUS,1964 Summer,1964,Summer,Tokyo,Hockey,Hockey Men's Hockey,Bronze
95094,Desmond Royle Piper,M,27.0,173.0,73.0,Australia,AUS,1968 Summer,1968,Summer,Mexico City,Hockey,Hockey Men's Hockey,Silver
95178,"Alexandra Jane ""Sandra"" Pisani",F,29.0,174.0,71.0,Australia,AUS,1988 Summer,1988,Summer,Seoul,Hockey,Hockey Women's Hockey,Gold
95425,"Judith White ""Judy"" Playfair",F,15.0,162.0,57.0,Australia,AUS,1968 Summer,1968,Summer,Mexico City,Swimming,Swimming Women's 4 x 100 metres Medley Relay,Silver
95492,"Richard Francis ""Dick"" Ploog",M,19.0,,,Australia,AUS,1956 Summer,1956,Summer,Melbourne,Cycling,Cycling Men's Sprint,Bronze
96088,Malcolm Philip Poole,M,26.0,180.0,66.0,Australia,AUS,1976 Summer,1976,Summer,Montreal,Hockey,Hockey Men's Hockey,Silver
96122,Ion Popa,M,27.0,187.0,86.0,Australia,AUS,1984 Summer,1984,Summer,Los Angeles,Rowing,Rowing Men's Coxed Eights,Bronze
96302,Charles Michael Porter,M,20.0,193.0,74.0,Australia,AUS,1956 Summer,1956,Summer,Melbourne,Athletics,Athletics Men's High Jump,Silver
96317,Natalie Porter,F,23.0,185.0,91.0,Australia,AUS,2004 Summer,2004,Summer,Athina,Basketball,Basketball Women's Basketball,Silver
96320,Stacey Porter,F,22.0,179.0,85.0,Australia,AUS,2004 Summer,2004,Summer,Athina,Softball,Softball Women's Softball,Silver
96320,Stacey Porter,F,26.0,179.0,85.0,Australia,AUS,2008 Summer,2008,Summer,Beijing,Softball,Softball Women's Softball,Bronze
96357,"Nicholas Weston ""Nick"" Porzig",M,28.0,195.0,94.0,Australia,AUS,2000 Summer,2000,Summer,Sydney,Rowing,Rowing Men's Coxed Eights,Silver
96453,Warren James Potent,M,46.0,175.0,73.0,Australia,AUS,2008 Summer,2008,Summer,Beijing,Shooting,"Shooting Men's Small-Bore Rifle, Prone, 50 metres",Bronze
96469,Alicia Poto,F,26.0,166.0,64.0,Australia,AUS,2004 Summer,2004,Summer,Athina,Basketball,Basketball Women's Basketball,Silver
96497,Kerri-Ann Pottharst,F,31.0,184.0,72.0,Australia-1,AUS,1996 Summer,1996,Summer,Atlanta,Beach Volleyball,Beach Volleyball Women's Beach Volleyball,Bronze
96497,Kerri-Ann Pottharst,F,35.0,184.0,72.0,Australia-1,AUS,2000 Summer,2000,Summer,Sydney,Beach Volleyball,Beach Volleyball Women's Beach Volleyball,Gold
96508,Alec Potts,M,20.0,185.0,77.0,Australia,AUS,2016 Summer,2016,Summer,Rio de Janeiro,Archery,Archery Men's Team,Bronze
96635,"Katrina Maree ""Triny"" Powell",F,24.0,157.0,54.0,Australia,AUS,1996 Summer,1996,Summer,Atlanta,Hockey,Hockey Women's Hockey,Gold
96635,"Katrina Maree ""Triny"" Powell",F,28.0,157.0,54.0,Australia,AUS,2000 Summer,2000,Summer,Sydney,Hockey,Hockey Women's Hockey,Gold
96636,Lisa Josephine Powell-Carruthers,F,26.0,168.0,60.0,Australia,AUS,1996 Summer,1996,Summer,Atlanta,Hockey,Hockey Women's Hockey,Gold
96636,Lisa Josephine Powell-Carruthers,F,30.0,168.0,60.0,Australia,AUS,2000 Summer,2000,Summer,Sydney,Hockey,Hockey Women's Hockey,Gold
96644,"David William ""Dave"" Power",M,32.0,170.0,63.0,Australia,AUS,1960 Summer,1960,Summer,Roma,Athletics,"Athletics Men's 10,000 metres",Bronze
96769,Brooke Pratley,F,32.0,191.0,75.0,Australia,AUS,2012 Summer,2012,Summer,London,Rowing,Rowing Women's Double Sculls,Silver
96947,Olivia Price,F,19.0,164.0,68.0,Australia,AUS,2012 Summer,2012,Summer,London,Sailing,Sailing Women's Three Person Keelboat,Silver
97115,"Robert ""Bob"" Proctor",M,27.0,181.0,72.0,Australia,AUS,1976 Summer,1976,Summer,Montreal,Hockey,Hockey Men's Hockey,Silver
97255,Nicole Anne Louise Provis-Bradtke,F,22.0,176.0,61.0,Australia,AUS,1992 Summer,1992,Summer,Barcelona,Tennis,Tennis Women's Doubles,Bronze
97508,Dean Lester Pullar,M,27.0,186.0,80.0,Australia,AUS,2000 Summer,2000,Summer,Sydney,Diving,Diving Men's Synchronized Springboard,Bronze
97910,"Frederick ""Fred"" Quine",M,27.0,177.0,69.0,Australia,AUS,1968 Summer,1968,Summer,Mexico City,Hockey,Hockey Men's Hockey,Silver
97981,Alicia Quirk,F,24.0,173.0,64.0,Australia,AUS,2016 Summer,2016,Summer,Rio de Janeiro,Rugby Sevens,Rugby Sevens Women's Rugby Sevens,Gold
98540,Glencora Ralph,F,23.0,178.0,68.0,Australia,AUS,2012 Summer,2012,Summer,London,Water Polo,Water Polo Women's Water Polo,Bronze
98807,"John Raymond ""JR"" Ranch",M,27.0,188.0,86.0,Australia,AUS,1968 Summer,1968,Summer,Mexico City,Rowing,Rowing Men's Coxed Eights,Silver
98817,Emma Randall (-McDonald),F,23.0,190.0,83.0,Australia,AUS,2008 Summer,2008,Summer,Beijing,Basketball,Basketball Women's Basketball,Silver
99425,Elise Maree Rechichi,F,22.0,162.0,48.0,Australia,AUS,2008 Summer,2008,Summer,Beijing,Sailing,Sailing Women's Two Person Dinghy,Gold
99530,Paul Edward Reedy,M,23.0,181.0,87.0,Australia,AUS,1984 Summer,1984,Summer,Los Angeles,Rowing,Rowing Men's Quadruple Sculls,Silver
99540,Shayne Leanne Reese,F,25.0,168.0,62.0,Australia,AUS,2008 Summer,2008,Summer,Beijing,Swimming,Swimming Women's 4 x 100 metres Freestyle Relay,Bronze
99540,Shayne Leanne Reese,F,25.0,168.0,62.0,Australia,AUS,2008 Summer,2008,Summer,Beijing,Swimming,Swimming Women's 4 x 100 metres Medley Relay,Gold
99697,Graeme Reid,M,28.0,183.0,79.0,Australia,AUS,1976 Summer,1976,Summer,Montreal,Hockey,Hockey Men's Hockey,Silver
99698,Graham Leslie Reid,M,28.0,180.0,83.0,Australia,AUS,1992 Summer,1992,Summer,Barcelona,Hockey,Hockey Men's Hockey,Silver
100094,Stuart Reside,M,25.0,193.0,90.0,Australia,AUS,2004 Summer,2004,Summer,Athina,Rowing,Rowing Men's Coxed Eights,Bronze
100269,Peter Askin Reynolds,M,16.0,,,Australia,AUS,1964 Summer,1964,Summer,Tokyo,Swimming,Swimming Men's 4 x 100 metres Medley Relay,Bronze
100455,"Stephanie Louise ""Steph"" Rice",F,20.0,176.0,67.0,Australia,AUS,2008 Summer,2008,Summer,Beijing,Swimming,Swimming Women's 4 x 200 metres Freestyle Relay,Gold
100455,"Stephanie Louise ""Steph"" Rice",F,20.0,176.0,67.0,Australia,AUS,2008 Summer,2008,Summer,Beijing,Swimming,Swimming Women's 200 metres Individual Medley,Gold
100455,"Stephanie Louise ""Steph"" Rice",F,20.0,176.0,67.0,Australia,AUS,2008 Summer,2008,Summer,Beijing,Swimming,Swimming Women's 400 metres Individual Medley,Gold
100504,Robert Richards,M,28.0,186.0,71.0,Australia,AUS,2000 Summer,2000,Summer,Sydney,Rowing,Rowing Men's Lightweight Coxless Fours,Silver
100506,Samantha Richards,F,29.0,170.0,64.0,Australia,AUS,2012 Summer,2012,Summer,London,Basketball,Basketball Women's Basketball,Bronze
100551,Nicole Richardson,F,26.0,177.0,73.0,Australia,AUS,1996 Summer,1996,Summer,Atlanta,Softball,Softball Women's Softball,Bronze
100631,Brenton Scott Rickard,M,24.0,194.0,92.0,Australia,AUS,2008 Summer,2008,Summer,Beijing,Swimming,Swimming Men's 200 metres Breaststroke,Silver
100631,Brenton Scott Rickard,M,24.0,194.0,92.0,Australia,AUS,2008 Summer,2008,Summer,Beijing,Swimming,Swimming Men's 4 x 100 metres Medley Relay,Silver
100631,Brenton Scott Rickard,M,28.0,194.0,92.0,Australia,AUS,2012 Summer,2012,Summer,London,Swimming,Swimming Men's 4 x 100 metres Medley Relay,Bronze
100790,John Rigby,M,18.0,182.0,77.0,Australia,AUS,1960 Summer,1960,Summer,Roma,Swimming,Swimming Men's 4 x 200 metres Freestyle Relay,Bronze
100863,Murray Stewart Riley,M,31.0,,,Australia,AUS,1956 Summer,1956,Summer,Melbourne,Rowing,Rowing Men's Double Sculls,Bronze
100864,"Ronald William ""Ron"" Riley",M,21.0,180.0,68.0,Australia,AUS,1968 Summer,1968,Summer,Mexico City,Hockey,Hockey Men's Hockey,Silver
100864,"Ronald William ""Ron"" Riley",M,28.0,180.0,68.0,Australia,AUS,1976 Summer,1976,Summer,Montreal,Hockey,Hockey Men's Hockey,Silver
100866,"Samantha Linette ""Sam"" Riley",F,19.0,160.0,59.0,Australia,AUS,1992 Summer,1992,Summer,Barcelona,Swimming,Swimming Women's 100 metres Breaststroke,Bronze
100866,"Samantha Linette ""Sam"" Riley",F,23.0,160.0,59.0,Australia,AUS,1996 Summer,1996,Summer,Atlanta,Swimming,Swimming Women's 100 metres Breaststroke,Bronze
100866,"Samantha Linette ""Sam"" Riley",F,23.0,160.0,59.0,Australia,AUS,1996 Summer,1996,Summer,Atlanta,Swimming,Swimming Women's 4 x 100 metres Medley Relay,Silver
100987,"Rebecca ""Bec"" Rippon",F,29.0,167.0,72.0,Australia,AUS,2008 Summer,2008,Summer,Beijing,Water Polo,Water Polo Women's Water Polo,Bronze
100988,"Melissa ""Mel"" Rippon",F,27.0,169.0,70.0,Australia,AUS,2008 Summer,2008,Summer,Beijing,Water Polo,Water Polo Women's Water Polo,Bronze
100988,"Melissa ""Mel"" Rippon",F,31.0,169.0,70.0,Australia,AUS,2012 Summer,2012,Summer,London,Water Polo,Water Polo Women's Water Polo,Bronze
101298,James Roberts,M,25.0,194.0,90.0,Australia,AUS,2016 Summer,2016,Summer,Rio de Janeiro,Swimming,Swimming Men's 4 x 100 metres Freestyle Relay,Bronze
101311,Luke Justin Roberts,M,27.0,181.0,71.0,Australia,AUS,2004 Summer,2004,Summer,Athina,Cycling,"Cycling Men's Team Pursuit, 4,000 metres",Gold
101425,Clint David Robinson,M,19.0,189.0,91.0,Australia,AUS,1992 Summer,1992,Summer,Barcelona,Canoeing,"Canoeing Men's Kayak Singles, 1,000 metres",Gold
101425,Clint David Robinson,M,23.0,189.0,91.0,Australia,AUS,1996 Summer,1996,Summer,Atlanta,Canoeing,"Canoeing Men's Kayak Singles, 1,000 metres",Bronze
101425,Clint David Robinson,M,32.0,189.0,91.0,Australia,AUS,2004 Summer,2004,Summer,Athina,Canoeing,"Canoeing Men's Kayak Doubles, 500 metres",Silver
101473,Fiona Mary Robinson-Hannan,F,27.0,190.0,75.0,Australia,AUS,1996 Summer,1996,Summer,Atlanta,Basketball,Basketball Women's Basketball,Bronze
101548,"Danielle ""Danni"" Roche",F,26.0,160.0,50.0,Australia,AUS,1996 Summer,1996,Summer,Atlanta,Hockey,Hockey Women's Hockey,Gold
101554,Melanie Jane Roche,F,25.0,165.0,63.0,Australia,AUS,1996 Summer,1996,Summer,Atlanta,Softball,Softball Women's Softball,Bronze
101554,Melanie Jane Roche,F,29.0,165.0,63.0,Australia,AUS,2000 Summer,2000,Summer,Sydney,Softball,Softball Women's Softball,Bronze
101554,Melanie Jane Roche,F,33.0,165.0,63.0,Australia,AUS,2004 Summer,2004,Summer,Athina,Softball,Softball Women's Softball,Silver
101554,Melanie Jane Roche,F,37.0,165.0,63.0,Australia,AUS,2008 Summer,2008,Summer,Beijing,Softball,Softball Women's Softball,Bronze
101952,"Gregory Francis ""Greg"" Rogers",M,20.0,189.0,87.0,Australia,AUS,1968 Summer,1968,Summer,Mexico City,Swimming,Swimming Men's 4 x 100 metres Freestyle Relay,Bronze
101952,"Gregory Francis ""Greg"" Rogers",M,20.0,189.0,87.0,Australia,AUS,1968 Summer,1968,Summer,Mexico City,Swimming,Swimming Men's 4 x 200 metres Freestyle Relay,Silver
101960,Michael Rogers,M,24.0,185.0,74.0,Australia,AUS,2004 Summer,2004,Summer,Athina,Cycling,Cycling Men's Individual Time Trial,Bronze
101967,"Philip John ""Phil"" Rogers",M,21.0,183.0,81.0,Australia,AUS,1992 Summer,1992,Summer,Barcelona,Swimming,Swimming Men's 100 metres Breaststroke,Bronze
101967,"Philip John ""Phil"" Rogers",M,25.0,183.0,81.0,Australia,AUS,1996 Summer,1996,Summer,Atlanta,Swimming,Swimming Men's 4 x 100 metres Medley Relay,Bronze
102190,Gillian Rolton,F,36.0,170.0,60.0,Australia,AUS,1992 Summer,1992,Summer,Barcelona,Equestrianism,"Equestrianism Mixed Three-Day Event, Team",Gold
102190,Gillian Rolton,F,40.0,170.0,60.0,Australia,AUS,1996 Summer,1996,Summer,Atlanta,Equestrianism,"Equestrianism Mixed Three-Day Event, Team",Gold
102405,Brett Nicholas Roneberg,M,25.0,185.0,93.0,Australia,AUS,2004 Summer,2004,Summer,Athina,Baseball,Baseball Men's Baseball,Silver
102438,Giaan Leigh Rooney,F,17.0,175.0,63.0,Australia,AUS,2000 Summer,2000,Summer,Sydney,Swimming,Swimming Women's 4 x 200 metres Freestyle Relay,Silver
102438,Giaan Leigh Rooney,F,17.0,175.0,63.0,Australia,AUS,2000 Summer,2000,Summer,Sydney,Swimming,Swimming Women's 4 x 100 metres Medley Relay,Silver
102438,Giaan Leigh Rooney,F,21.0,175.0,63.0,Australia,AUS,2004 Summer,2004,Summer,Athina,Swimming,Swimming Women's 4 x 100 metres Medley Relay,Gold
102563,Iain Murray Rose,M,17.0,185.0,80.0,Australia,AUS,1956 Summer,1956,Summer,Melbourne,Swimming,Swimming Men's 400 metres Freestyle,Gold
102563,Iain Murray Rose,M,17.0,185.0,80.0,Australia,AUS,1956 Summer,1956,Summer,Melbourne,Swimming,"Swimming Men's 1,500 metres Freestyle",Gold
102563,Iain Murray Rose,M,17.0,185.0,80.0,Australia,AUS,1956 Summer,1956,Summer,Melbourne,Swimming,Swimming Men's 4 x 200 metres Freestyle Relay,Gold
102563,Iain Murray Rose,M,21.0,185.0,80.0,Australia,AUS,1960 Summer,1960,Summer,Roma,Swimming,Swimming Men's 400 metres Freestyle,Gold
102563,Iain Murray Rose,M,21.0,185.0,80.0,Australia,AUS,1960 Summer,1960,Summer,Roma,Swimming,"Swimming Men's 1,500 metres Freestyle",Silver
102563,Iain Murray Rose,M,21.0,185.0,80.0,Australia,AUS,1960 Summer,1960,Summer,Roma,Swimming,Swimming Men's 4 x 200 metres Freestyle Relay,Bronze
102566,Shane Rose,M,35.0,181.0,80.0,Australia,AUS,2008 Summer,2008,Summer,Beijing,Equestrianism,"Equestrianism Mixed Three-Day Event, Team",Silver
102566,Shane Rose,M,43.0,181.0,80.0,Australia,AUS,2016 Summer,2016,Summer,Rio de Janeiro,Equestrianism,"Equestrianism Mixed Three-Day Event, Team",Bronze
103042,Ryan Benjamin Rowland Smith,M,21.0,190.0,108.0,Australia,AUS,2004 Summer,2004,Summer,Athina,Baseball,Baseball Men's Baseball,Silver
103047,"Stanley Rupert ""Stan"" Rowley",M,23.0,178.0,71.0,Australia,AUS,1900 Summer,1900,Summer,Paris,Athletics,Athletics Men's 60 metres,Bronze
103047,"Stanley Rupert ""Stan"" Rowley",M,23.0,178.0,71.0,Australia,AUS,1900 Summer,1900,Summer,Paris,Athletics,Athletics Men's 100 metres,Bronze
103047,"Stanley Rupert ""Stan"" Rowley",M,23.0,178.0,71.0,Australia,AUS,1900 Summer,1900,Summer,Paris,Athletics,Athletics Men's 200 metres,Bronze
103047,"Stanley Rupert ""Stan"" Rowley",M,23.0,178.0,71.0,Amateur Athletic Association,AUS,1900 Summer,1900,Summer,Paris,Athletics,"Athletics Men's 5,000 metres, Team",Gold
103048,Ian Mark Rowling,M,25.0,183.0,83.0,Australia,AUS,1992 Summer,1992,Summer,Barcelona,Canoeing,"Canoeing Men's Kayak Fours, 1,000 metres",Bronze
103070,"James William George ""Bill"" Roycroft",M,45.0,188.0,72.0,Australia,AUS,1960 Summer,1960,Summer,Roma,Equestrianism,"Equestrianism Men's Three-Day Event, Team",Gold
103070,"James William George ""Bill"" Roycroft",M,53.0,188.0,72.0,Australia,AUS,1968 Summer,1968,Summer,Mexico City,Equestrianism,"Equestrianism Mixed Three-Day Event, Team",Bronze
103070,"James William George ""Bill"" Roycroft",M,61.0,188.0,72.0,Australia,AUS,1976 Summer,1976,Summer,Montreal,Equestrianism,"Equestrianism Mixed Three-Day Event, Team",Bronze
103074,Wayne William Roycroft,M,22.0,182.0,73.0,Australia,AUS,1968 Summer,1968,Summer,Mexico City,Equestrianism,"Equestrianism Mixed Three-Day Event, Team",Bronze
103074,Wayne William Roycroft,M,30.0,182.0,73.0,Australia,AUS,1976 Summer,1976,Summer,Montreal,Equestrianism,"Equestrianism Mixed Three-Day Event, Team",Bronze
103335,Ian Ruff,M,29.0,170.0,71.0,Australia,AUS,1976 Summer,1976,Summer,Montreal,Sailing,Sailing Mixed Two Person Dinghy,Bronze
103768,Christian Ryan,M,23.0,188.0,84.0,Australia,AUS,2000 Summer,2000,Summer,Sydney,Rowing,Rowing Men's Coxed Eights,Silver
103781,John Sydney Ryan,M,20.0,,,Australia,AUS,1964 Summer,1964,Summer,Tokyo,Swimming,Swimming Men's 4 x 100 metres Freestyle Relay,Bronze
103786,"Matthew ""Matt"" Ryan",M,24.0,194.0,90.0,Australia,AUS,2008 Summer,2008,Summer,Beijing,Rowing,Rowing Men's Coxless Fours,Silver
103787,"Matthew Morgan ""Matt"" Ryan",M,28.0,182.0,70.0,Australia,AUS,1992 Summer,1992,Summer,Barcelona,Equestrianism,"Equestrianism Mixed Three-Day Event, Individual",Gold
103787,"Matthew Morgan ""Matt"" Ryan",M,28.0,182.0,70.0,Australia,AUS,1992 Summer,1992,Summer,Barcelona,Equestrianism,"Equestrianism Mixed Three-Day Event, Team",Gold
103787,"Matthew Morgan ""Matt"" Ryan",M,36.0,182.0,70.0,Australia,AUS,2000 Summer,2000,Summer,Sydney,Equestrianism,"Equestrianism Mixed Three-Day Event, Team",Gold
103800,Sarah Michelle Ryan,F,19.0,173.0,65.0,Australia,AUS,1996 Summer,1996,Summer,Atlanta,Swimming,Swimming Women's 4 x 100 metres Medley Relay,Silver
103800,Sarah Michelle Ryan,F,23.0,173.0,65.0,Australia,AUS,2000 Summer,2000,Summer,Sydney,Swimming,Swimming Women's 4 x 100 metres Medley Relay,Silver
103800,Sarah Michelle Ryan,F,27.0,173.0,65.0,Australia,AUS,2004 Summer,2004,Summer,Athina,Swimming,Swimming Women's 4 x 100 metres Freestyle Relay,Gold
103807,"William ""Will"" Ryan",M,27.0,193.0,75.0,Australia,AUS,2016 Summer,2016,Summer,Rio de Janeiro,Sailing,Sailing Men's Two Person Dinghy,Silver
105610,Jenna Santoromito,F,21.0,169.0,65.0,Australia,AUS,2008 Summer,2008,Summer,Beijing,Water Polo,Water Polo Women's Water Polo,Bronze
105611,Mia Santoromito,F,23.0,169.0,80.0,Australia,AUS,2008 Summer,2008,Summer,Beijing,Water Polo,Water Polo Women's Water Polo,Bronze
105771,"James Fred Robert ""Dick"" Sargeant",M,28.0,183.0,75.0,Barrenjoey,AUS,1964 Summer,1964,Summer,Tokyo,Sailing,Sailing Mixed 5.5 metres,Gold
106075,Rebecca Sattin,F,23.0,180.0,77.0,Australia,AUS,2004 Summer,2004,Summer,Athina,Rowing,Rowing Women's Quadruple Sculls,Bronze
106256,Jane Kara Saville (-White),F,29.0,164.0,52.0,Australia,AUS,2004 Summer,2004,Summer,Athina,Athletics,Athletics Women's 20 kilometres Walk,Bronze
106447,James Scanlon,M,20.0,181.0,70.0,Australia,AUS,1968 Summer,1968,Summer,Mexico City,Equestrianism,"Equestrianism Mixed Three-Day Event, Team",Bronze
106460,"Edward Richard ""Eddie"" Scarf",M,23.0,180.0,99.0,Australia,AUS,1932 Summer,1932,Summer,Los Angeles,Wrestling,"Wrestling Men's Light-Heavyweight, Freestyle",Bronze
106537,Wendy Lynn Schaeffer,F,21.0,167.0,60.0,Australia,AUS,1996 Summer,1996,Summer,Atlanta,Equestrianism,"Equestrianism Mixed Three-Day Event, Team",Gold
106906,"Jessicah Lee ""Jess"" Schipper",F,17.0,170.0,60.0,Australia,AUS,2004 Summer,2004,Summer,Athina,Swimming,Swimming Women's 4 x 100 metres Medley Relay,Gold
106906,"Jessicah Lee ""Jess"" Schipper",F,21.0,170.0,60.0,Australia,AUS,2008 Summer,2008,Summer,Beijing,Swimming,Swimming Women's 100 metres Butterfly,Bronze
106906,"Jessicah Lee ""Jess"" Schipper",F,21.0,170.0,60.0,Australia,AUS,2008 Summer,2008,Summer,Beijing,Swimming,Swimming Women's 200 metres Butterfly,Bronze
106906,"Jessicah Lee ""Jess"" Schipper",F,21.0,170.0,60.0,Australia,AUS,2008 Summer,2008,Summer,Beijing,Swimming,Swimming Women's 4 x 100 metres Medley Relay,Gold
106938,"Melanie Rene ""Mel"" Schlanger (-Wright)",F,21.0,176.0,65.0,Australia,AUS,2008 Summer,2008,Summer,Beijing,Swimming,Swimming Women's 4 x 100 metres Freestyle Relay,Bronze
106938,"Melanie Rene ""Mel"" Schlanger (-Wright)",F,21.0,176.0,65.0,Australia,AUS,2008 Summer,2008,Summer,Beijing,Swimming,Swimming Women's 4 x 200 metres Freestyle Relay,Gold
106938,"Melanie Rene ""Mel"" Schlanger (-Wright)",F,25.0,176.0,65.0,Australia,AUS,2012 Summer,2012,Summer,London,Swimming,Swimming Women's 4 x 100 metres Freestyle Relay,Gold
106938,"Melanie Rene ""Mel"" Schlanger (-Wright)",F,25.0,176.0,65.0,Australia,AUS,2012 Summer,2012,Summer,London,Swimming,Swimming Women's 4 x 200 metres Freestyle Relay,Silver
106938,"Melanie Rene ""Mel"" Schlanger (-Wright)",F,25.0,176.0,65.0,Australia,AUS,2012 Summer,2012,Summer,London,Swimming,Swimming Women's 4 x 100 metres Medley Relay,Silver
107586,Grant Luke Schubert,M,24.0,180.0,82.0,Australia,AUS,2004 Summer,2004,Summer,Athina,Hockey,Hockey Men's Hockey,Gold
107586,Grant Luke Schubert,M,28.0,180.0,82.0,Australia,AUS,2008 Summer,2008,Summer,Beijing,Hockey,Hockey Men's Hockey,Bronze
107966,Callum Scotson,M,19.0,184.0,77.0,Australia,AUS,2016 Summer,2016,Summer,Rio de Janeiro,Cycling,"Cycling Men's Team Pursuit, 4,000 metres",Silver
108011,John Malcolm Scott,M,,,,Falcon IV,AUS,1956 Summer,1956,Summer,Melbourne,Sailing,Sailing Mixed Two Person Heavyweight Dinghy,Silver
108021,Robert Geoffrey Scott,M,26.0,194.0,93.0,Australia,AUS,1996 Summer,1996,Summer,Atlanta,Rowing,Rowing Men's Coxless Pairs,Silver
108044,"Jennifer ""Jenni"" Screen (-Mottram)",F,26.0,180.0,69.0,Australia,AUS,2008 Summer,2008,Summer,Beijing,Basketball,Basketball Women's Basketball,Silver
108044,"Jennifer ""Jenni"" Screen (-Mottram)",F,30.0,180.0,69.0,Australia,AUS,2012 Summer,2012,Summer,London,Basketball,Basketball Women's Basketball,Bronze
108198,Emily Jane Seebohm,F,16.0,180.0,70.0,Australia,AUS,2008 Summer,2008,Summer,Beijing,Swimming,Swimming Women's 4 x 100 metres Medley Relay,Gold
108198,Emily Jane Seebohm,F,20.0,180.0,70.0,Australia,AUS,2012 Summer,2012,Summer,London,Swimming,Swimming Women's 4 x 100 metres Freestyle Relay,Gold
108198,Emily Jane Seebohm,F,20.0,180.0,70.0,Australia,AUS,2012 Summer,2012,Summer,London,Swimming,Swimming Women's 100 metres Backstroke,Silver
108198,Emily Jane Seebohm,F,20.0,180.0,70.0,Australia,AUS,2012 Summer,2012,Summer,London,Swimming,Swimming Women's 4 x 100 metres Medley Relay,Silver
108198,Emily Jane Seebohm,F,24.0,180.0,70.0,Australia,AUS,2016 Summer,2016,Summer,Rio de Janeiro,Swimming,Swimming Women's 4 x 100 metres Medley Relay,Silver
108225,"Kevin ""Clyde"" Sefton",M,21.0,174.0,68.0,Australia,AUS,1972 Summer,1972,Summer,Munich,Cycling,"Cycling Men's Road Race, Individual",Silver
109381,John Cameron Shaw,M,35.0,182.0,71.0,Australia,AUS,1972 Summer,1972,Summer,Munich,Sailing,Sailing Mixed Three Person Keelboat,Gold
109862,"Geoffrey Lloyd ""Geoff"" Shipton",M,19.0,185.0,73.0,Australia,AUS,1960 Summer,1960,Summer,Roma,Swimming,Swimming Men's 4 x 100 metres Medley Relay,Silver
109883,"Robert Alan ""Bob"" Shirlaw",M,25.0,190.0,86.0,Australia,AUS,1968 Summer,1968,Summer,Mexico City,Rowing,Rowing Men's Coxed Eights,Silver
110234,"Jonathan Scott ""Jon"" Sieben",M,17.0,176.0,74.0,Australia,AUS,1984 Summer,1984,Summer,Los Angeles,Swimming,Swimming Men's 200 metres Butterfly,Gold
110234,"Jonathan Scott ""Jon"" Sieben",M,17.0,176.0,74.0,Australia,AUS,1984 Summer,1984,Summer,Los Angeles,Swimming,Swimming Men's 4 x 100 metres Medley Relay,Bronze
111661,Catherine Skinner,F,26.0,172.0,80.0,Australia,AUS,2016 Summer,2016,Summer,Rio de Janeiro,Shooting,Shooting Women's Trap,Gold
111675,"Angela Robyn ""Angie"" Skirving-Lambert",F,19.0,181.0,68.0,Australia,AUS,2000 Summer,2000,Summer,Sydney,Hockey,Hockey Women's Hockey,Gold
111900,Kate Elizabeth Slatter (-Allen),F,24.0,180.0,71.0,Australia,AUS,1996 Summer,1996,Summer,Atlanta,Rowing,Rowing Women's Coxless Pairs,Gold
111900,Kate Elizabeth Slatter (-Allen),F,28.0,180.0,71.0,Australia,AUS,2000 Summer,2000,Summer,Sydney,Rowing,Rowing Women's Coxless Pairs,Silver
111956,Tom Slingsby,M,27.0,186.0,81.0,Australia,AUS,2012 Summer,2012,Summer,London,Sailing,Sailing Men's One Person Dinghy,Gold
112051,Kim Maree Small (-Tuckwell),F,23.0,159.0,61.0,Australia,AUS,1988 Summer,1988,Summer,Seoul,Hockey,Hockey Women's Hockey,Gold
112059,"Donald Roddington ""Don"" Smart",M,22.0,173.0,72.0,Australia,AUS,1964 Summer,1964,Summer,Tokyo,Hockey,Hockey Men's Hockey,Bronze
112059,"Donald Roddington ""Don"" Smart",M,26.0,173.0,72.0,Australia,AUS,1968 Summer,1968,Summer,Mexico City,Hockey,Hockey Men's Hockey,Silver
112112,Justine Smethurst,F,21.0,178.0,77.0,Australia,AUS,2008 Summer,2008,Summer,Beijing,Softball,Softball Women's Softball,Bronze
112180,Anabelle Smith,F,23.0,168.0,55.0,Australia,AUS,2016 Summer,2016,Summer,Rio de Janeiro,Diving,Diving Women's Synchronized Springboard,Bronze
112182,Andrew Smith,M,29.0,191.0,89.0,Australia,AUS,2008 Summer,2008,Summer,Beijing,Hockey,Hockey Men's Hockey,Bronze
112229,"David ""Dave"" Smith",M,25.0,183.0,85.0,Australia,AUS,2012 Summer,2012,Summer,London,Canoeing,"Canoeing Men's Kayak Fours, 1,000 metres",Gold
112267,Grant Leslie Smith,M,25.0,174.0,70.0,Australia,AUS,1996 Summer,1996,Summer,Atlanta,Hockey,Hockey Men's Hockey,Bronze
112352,Matthew John Smith,M,22.0,174.0,73.0,Australia,AUS,1996 Summer,1996,Summer,Atlanta,Hockey,Hockey Men's Hockey,Bronze
112399,Sophie Smith,F,26.0,181.0,68.0,Australia,AUS,2012 Summer,2012,Summer,London,Water Polo,Water Polo Women's Water Polo,Bronze
112412,Tate Smith,M,30.0,187.0,92.0,Australia,AUS,2012 Summer,2012,Summer,London,Canoeing,"Canoeing Men's Kayak Fours, 1,000 metres",Gold
112425,Trevor Keith Smith,M,27.0,183.0,79.0,Australia,AUS,1976 Summer,1976,Summer,Montreal,Hockey,Hockey Men's Hockey,Silver
112510,"Elizabeth Marie ""Liz"" Smylie (Sayers-)",F,25.0,166.0,58.0,Australia,AUS,1988 Summer,1988,Summer,Seoul,Tennis,Tennis Women's Doubles,Bronze
112541,Belinda Rose Snell,F,23.0,180.0,80.0,Australia,AUS,2004 Summer,2004,Summer,Athina,Basketball,Basketball Women's Basketball,Silver
112541,Belinda Rose Snell,F,27.0,180.0,80.0,Australia,AUS,2008 Summer,2008,Summer,Beijing,Basketball,Basketball Women's Basketball,Silver
112541,Belinda Rose Snell,F,31.0,180.0,80.0,Australia,AUS,2012 Summer,2012,Summer,London,Basketball,Basketball Women's Basketball,Bronze
112577,"Ronald Charles ""Ron"" Snook",M,24.0,193.0,93.0,Australia,AUS,1996 Summer,1996,Summer,Atlanta,Rowing,Rowing Men's Quadruple Sculls,Bronze
112588,Emma Laura Snowsill (-Frodeno),F,27.0,161.0,48.0,Australia,AUS,2008 Summer,2008,Summer,Beijing,Triathlon,Triathlon Women's Olympic Distance,Gold
113471,"Ashleigh ""Ash"" Southern",F,19.0,188.0,82.0,Australia,AUS,2012 Summer,2012,Summer,London,Water Polo,Water Polo Women's Water Polo,Bronze
113942,Rachael Pamela Sporn,F,28.0,187.0,68.0,Australia,AUS,1996 Summer,1996,Summer,Atlanta,Basketball,Basketball Women's Basketball,Bronze
113942,Rachael Pamela Sporn,F,32.0,187.0,68.0,Australia,AUS,2000 Summer,2000,Summer,Sydney,Basketball,Basketball Women's Basketball,Silver
113942,Rachael Pamela Sporn,F,36.0,187.0,68.0,Australia,AUS,2004 Summer,2004,Summer,Athina,Basketball,Basketball Women's Basketball,Silver
113965,Christian David Sprenger,M,22.0,196.0,92.0,Australia,AUS,2008 Summer,2008,Summer,Beijing,Swimming,Swimming Men's 4 x 100 metres Medley Relay,Silver
113965,Christian David Sprenger,M,26.0,196.0,92.0,Australia,AUS,2012 Summer,2012,Summer,London,Swimming,Swimming Men's 100 metres Breaststroke,Silver
113965,Christian David Sprenger,M,26.0,196.0,92.0,Australia,AUS,2012 Summer,2012,Summer,London,Swimming,Swimming Men's 4 x 100 metres Medley Relay,Bronze
113968,Nicholas Sprenger,M,19.0,190.0,88.0,Australia,AUS,2004 Summer,2004,Summer,Athina,Swimming,Swimming Men's 4 x 200 metres Freestyle Relay,Silver
113997,Daniel Sproule,M,22.0,180.0,76.0,Australia,AUS,1996 Summer,1996,Summer,Atlanta,Hockey,Hockey Men's Hockey,Bronze
113997,Daniel Sproule,M,26.0,180.0,76.0,Australia,AUS,2000 Summer,2000,Summer,Sydney,Hockey,Hockey Men's Hockey,Bronze
114137,Jay Jason Stacy,M,23.0,184.0,90.0,Australia,AUS,1992 Summer,1992,Summer,Barcelona,Hockey,Hockey Men's Hockey,Silver
114137,Jay Jason Stacy,M,27.0,184.0,90.0,Australia,AUS,1996 Summer,1996,Summer,Atlanta,Hockey,Hockey Men's Hockey,Bronze
114137,Jay Jason Stacy,M,32.0,184.0,90.0,Australia,AUS,2000 Summer,2000,Summer,Sydney,Hockey,Hockey Men's Hockey,Bronze
114453,"Katherine ""Kate"" Starre",F,24.0,171.0,60.0,Australia,AUS,1996 Summer,1996,Summer,Atlanta,Hockey,Hockey Women's Hockey,Gold
114453,"Katherine ""Kate"" Starre",F,28.0,171.0,60.0,Australia,AUS,2000 Summer,2000,Summer,Sydney,Hockey,Hockey Women's Hockey,Gold
114581,Ivan Cuthbert Stedman,M,25.0,180.0,,Australia,AUS,1920 Summer,1920,Summer,Antwerpen,Swimming,Swimming Men's 4 x 200 metres Freestyle Relay,Silver
114581,Ivan Cuthbert Stedman,M,29.0,180.0,,Australia,AUS,1924 Summer,1924,Summer,Paris,Swimming,Swimming Men's 4 x 200 metres Freestyle Relay,Silver
114710,John William Steffensen,M,21.0,180.0,71.0,Australia,AUS,2004 Summer,2004,Summer,Athina,Athletics,Athletics Men's 4 x 400 metres Relay,Silver
114779,"Janette May ""Jenny"" Steinbeck (-Murray)",F,17.0,171.0,64.0,Australia,AUS,1968 Summer,1968,Summer,Mexico City,Swimming,Swimming Women's 4 x 100 metres Medley Relay,Silver
114982,John M. Stephens,M,24.0,182.0,84.0,Australia,AUS,2004 Summer,2004,Summer,Athina,Baseball,Baseball Men's Baseball,Silver
115069,Craig Julian Stevens,M,24.0,188.0,82.0,Australia,AUS,2004 Summer,2004,Summer,Athina,Swimming,Swimming Men's 4 x 200 metres Freestyle Relay,Silver
115138,Danielle Stewart,F,27.0,165.0,65.0,Australia,AUS,2008 Summer,2008,Summer,Beijing,Softball,Softball Women's Softball,Bronze
115145,"Geoffrey Peter ""Geoff"" Stewart",M,26.0,200.0,90.0,Australia,AUS,2000 Summer,2000,Summer,Sydney,Rowing,Rowing Men's Coxless Fours,Bronze
115145,"Geoffrey Peter ""Geoff"" Stewart",M,30.0,200.0,90.0,Australia,AUS,2004 Summer,2004,Summer,Athina,Rowing,Rowing Men's Coxed Eights,Bronze
115149,James Alexander Stewart,M,26.0,200.0,92.0,Australia,AUS,2000 Summer,2000,Summer,Sydney,Rowing,Rowing Men's Coxless Fours,Bronze
115149,James Alexander Stewart,M,30.0,200.0,92.0,Australia,AUS,2004 Summer,2004,Summer,Athina,Rowing,Rowing Men's Coxed Eights,Bronze
115165,Murray Stewart,M,26.0,186.0,86.0,Australia,AUS,2012 Summer,2012,Summer,London,Canoeing,"Canoeing Men's Kayak Fours, 1,000 metres",Gold
115179,"Stephen John ""Steve"" Stewart",M,26.0,195.0,90.0,Australia,AUS,2004 Summer,2004,Summer,Athina,Rowing,Rowing Men's Coxed Eights,Bronze
115237,Megan Leanne Still (-Marcks),F,23.0,182.0,75.0,Australia,AUS,1996 Summer,1996,Summer,Atlanta,Rowing,Rowing Women's Coxless Pairs,Gold
115321,"Phillip Matthew ""Phil"" Stockman",M,24.0,200.0,100.0,Australia,AUS,2004 Summer,2004,Summer,Athina,Baseball,Baseball Men's Baseball,Silver
115327,"Marcus William ""Mark"" Stockwell",M,21.0,196.0,88.0,Australia,AUS,1984 Summer,1984,Summer,Los Angeles,Swimming,Swimming Men's 100 metres Freestyle,Silver
115327,"Marcus William ""Mark"" Stockwell",M,21.0,196.0,88.0,Australia,AUS,1984 Summer,1984,Summer,Los Angeles,Swimming,Swimming Men's 4 x 100 metres Freestyle Relay,Silver
115327,"Marcus William ""Mark"" Stockwell",M,21.0,196.0,88.0,Australia,AUS,1984 Summer,1984,Summer,Los Angeles,Swimming,Swimming Men's 4 x 100 metres Medley Relay,Bronze
115334,Hayden Ernest Stoeckel,M,23.0,197.0,95.0,Australia,AUS,2008 Summer,2008,Summer,Beijing,Swimming,Swimming Men's 100 metres Backstroke,Bronze
115334,Hayden Ernest Stoeckel,M,23.0,197.0,95.0,Australia,AUS,2008 Summer,2008,Summer,Beijing,Swimming,Swimming Men's 4 x 100 metres Medley Relay,Silver
115334,Hayden Ernest Stoeckel,M,27.0,197.0,95.0,Australia,AUS,2012 Summer,2012,Summer,London,Swimming,Swimming Men's 4 x 100 metres Medley Relay,Bronze
115554,Belinda Josephine Marion Stowell,F,29.0,172.0,68.0,Australia,AUS,2000 Summer,2000,Summer,Sydney,Sailing,Sailing Women's Two Person Dinghy,Gold
115768,Shirley Barbara Strickland de la Hunty,F,23.0,172.0,57.0,Australia,AUS,1948 Summer,1948,Summer,London,Athletics,Athletics Women's 100 metres,Bronze
115768,Shirley Barbara Strickland de la Hunty,F,23.0,172.0,57.0,Australia,AUS,1948 Summer,1948,Summer,London,Athletics,Athletics Women's 80 metres Hurdles,Bronze
115768,Shirley Barbara Strickland de la Hunty,F,23.0,172.0,57.0,Australia,AUS,1948 Summer,1948,Summer,London,Athletics,Athletics Women's 4 x 100 metres Relay,Silver
115768,Shirley Barbara Strickland de la Hunty,F,26.0,172.0,57.0,Australia,AUS,1952 Summer,1952,Summer,Helsinki,Athletics,Athletics Women's 100 metres,Bronze
115768,Shirley Barbara Strickland de la Hunty,F,26.0,172.0,57.0,Australia,AUS,1952 Summer,1952,Summer,Helsinki,Athletics,Athletics Women's 80 metres Hurdles,Gold
115768,Shirley Barbara Strickland de la Hunty,F,31.0,172.0,57.0,Australia,AUS,1956 Summer,1956,Summer,Melbourne,Athletics,Athletics Women's 80 metres Hurdles,Gold
115768,Shirley Barbara Strickland de la Hunty,F,31.0,172.0,57.0,Australia,AUS,1956 Summer,1956,Summer,Melbourne,Athletics,Athletics Women's 4 x 100 metres Relay,Gold
116025,"Alexander Stuart ""Jock"" Sturrock",M,41.0,180.0,92.0,Buraddoo,AUS,1956 Summer,1956,Summer,Melbourne,Sailing,Sailing Mixed 5.5 metres,Bronze
116360,Eamon Wade Sullivan,M,22.0,189.0,78.0,Australia,AUS,2008 Summer,2008,Summer,Beijing,Swimming,Swimming Men's 100 metres Freestyle,Silver
116360,Eamon Wade Sullivan,M,22.0,189.0,78.0,Australia,AUS,2008 Summer,2008,Summer,Beijing,Swimming,Swimming Men's 4 x 100 metres Freestyle Relay,Bronze
116360,Eamon Wade Sullivan,M,22.0,189.0,78.0,Australia,AUS,2008 Summer,2008,Summer,Beijing,Swimming,Swimming Men's 4 x 100 metres Medley Relay,Silver
116419,John Zoltan Sumegi,M,25.0,182.0,85.0,Australia,AUS,1980 Summer,1980,Summer,Moskva,Canoeing,"Canoeing Men's Kayak Singles, 500 metres",Silver
116443,Laura Ann Summerton-Hodges,F,20.0,190.0,78.0,Australia,AUS,2004 Summer,2004,Summer,Athina,Basketball,Basketball Women's Basketball,Silver
116443,Laura Ann Summerton-Hodges,F,24.0,190.0,78.0,Australia,AUS,2008 Summer,2008,Summer,Beijing,Basketball,Basketball Women's Basketball,Silver
116443,Laura Ann Summerton-Hodges,F,28.0,190.0,78.0,Australia,AUS,2012 Summer,2012,Summer,London,Basketball,Basketball Women's Basketball,Bronze
117067,Matthew Swann,M,23.0,170.0,64.0,Australia,AUS,2012 Summer,2012,Summer,London,Hockey,Hockey Men's Hockey,Bronze
117434,Stefan Szczurowski,M,22.0,190.0,86.0,Australia,AUS,2004 Summer,2004,Summer,Athina,Rowing,Rowing Men's Coxed Eights,Bronze
118133,Jared Tallent,M,23.0,178.0,58.0,Australia,AUS,2008 Summer,2008,Summer,Beijing,Athletics,Athletics Men's 20 kilometres Walk,Bronze
118133,Jared Tallent,M,23.0,178.0,58.0,Australia,AUS,2008 Summer,2008,Summer,Beijing,Athletics,Athletics Men's 50 kilometres Walk,Silver
118133,Jared Tallent,M,27.0,178.0,58.0,Australia,AUS,2012 Summer,2012,Summer,London,Athletics,Athletics Men's 50 kilometres Walk,Silver
118133,Jared Tallent,M,31.0,178.0,58.0,Australia,AUS,2016 Summer,2016,Summer,Rio de Janeiro,Athletics,Athletics Men's 50 kilometres Walk,Silver
118198,Brett Paul Tamburrino,M,22.0,178.0,88.0,Australia,AUS,2004 Summer,2004,Summer,Athina,Baseball,Baseball Men's Baseball,Silver
118202,Lachlan Tame,M,27.0,176.0,80.0,Australia,AUS,2016 Summer,2016,Summer,Rio de Janeiro,Canoeing,"Canoeing Men's Kayak Doubles, 1,000 metres",Bronze
118617,"Matthew Stephen C. ""Matt"" Targett",M,22.0,198.0,90.0,Australia,AUS,2008 Summer,2008,Summer,Beijing,Swimming,Swimming Men's 4 x 100 metres Freestyle Relay,Bronze
118617,"Matthew Stephen C. ""Matt"" Targett",M,22.0,198.0,90.0,Australia,AUS,2008 Summer,2008,Summer,Beijing,Swimming,Swimming Men's 4 x 100 metres Medley Relay,Silver
118617,"Matthew Stephen C. ""Matt"" Targett",M,26.0,198.0,90.0,Australia,AUS,2012 Summer,2012,Summer,London,Swimming,Swimming Men's 4 x 100 metres Medley Relay,Bronze
118693,"Roland Leslie ""Rolly"" Tasker",M,30.0,180.0,79.0,Falcon IV,AUS,1956 Summer,1956,Summer,Melbourne,Sailing,Sailing Mixed Two Person Heavyweight Dinghy,Silver
118780,Jai Desmond Taurima,M,28.0,188.0,80.0,Australia,AUS,2000 Summer,2000,Summer,Sydney,Athletics,Athletics Men's Long Jump,Silver
118930,"Oliver William ""Ollie"" Taylor",M,22.0,170.0,53.0,Australia,AUS,1960 Summer,1960,Summer,Roma,Boxing,Boxing Men's Bantamweight,Bronze
118932,"Penelope Jane ""Penny"" Taylor (-Gil-)",F,23.0,185.0,72.0,Australia,AUS,2004 Summer,2004,Summer,Athina,Basketball,Basketball Women's Basketball,Silver
118932,"Penelope Jane ""Penny"" Taylor (-Gil-)",F,27.0,185.0,72.0,Australia,AUS,2008 Summer,2008,Summer,Beijing,Basketball,Basketball Women's Basketball,Silver
118934,Rachael Taylor,F,24.0,179.0,74.0,Australia,AUS,2000 Summer,2000,Summer,Sydney,Rowing,Rowing Women's Coxless Pairs,Silver
119545,David Egmont Theile,M,18.0,190.0,,Australia,AUS,1956 Summer,1956,Summer,Melbourne,Swimming,Swimming Men's 100 metres Backstroke,Gold
119545,David Egmont Theile,M,22.0,190.0,,Australia,AUS,1960 Summer,1960,Summer,Roma,Swimming,Swimming Men's 100 metres Backstroke,Gold
119545,David Egmont Theile,M,22.0,190.0,,Australia,AUS,1960 Summer,1960,Summer,Roma,Swimming,Swimming Men's 4 x 100 metres Medley Relay,Silver
119835,Petria Ann Thomas (-Jones),F,20.0,173.0,64.0,Australia,AUS,1996 Summer,1996,Summer,Atlanta,Swimming,Swimming Women's 200 metres Butterfly,Silver
119835,Petria Ann Thomas (-Jones),F,25.0,173.0,64.0,Australia,AUS,2000 Summer,2000,Summer,Sydney,Swimming,Swimming Women's 4 x 200 metres Freestyle Relay,Silver
119835,Petria Ann Thomas (-Jones),F,25.0,173.0,64.0,Australia,AUS,2000 Summer,2000,Summer,Sydney,Swimming,Swimming Women's 200 metres Butterfly,Bronze
119835,Petria Ann Thomas (-Jones),F,25.0,173.0,64.0,Australia,AUS,2000 Summer,2000,Summer,Sydney,Swimming,Swimming Women's 4 x 100 metres Medley Relay,Silver
119835,Petria Ann Thomas (-Jones),F,28.0,173.0,64.0,Australia,AUS,2004 Summer,2004,Summer,Athina,Swimming,Swimming Women's 4 x 100 metres Freestyle Relay,Gold
119835,Petria Ann Thomas (-Jones),F,28.0,173.0,64.0,Australia,AUS,2004 Summer,2004,Summer,Athina,Swimming,Swimming Women's 100 metres Butterfly,Gold
119835,Petria Ann Thomas (-Jones),F,28.0,173.0,64.0,Australia,AUS,2004 Summer,2004,Summer,Athina,Swimming,Swimming Women's 200 metres Butterfly,Silver
119835,Petria Ann Thomas (-Jones),F,28.0,173.0,64.0,Australia,AUS,2004 Summer,2004,Summer,Athina,Swimming,Swimming Women's 4 x 100 metres Medley Relay,Gold
119948,Richard Graeme Thompson,M,20.0,184.0,80.0,Australia,AUS,2004 Summer,2004,Summer,Athina,Baseball,Baseball Men's Baseball,Silver
120010,Kirsten Thomson,F,16.0,179.0,63.0,Australia,AUS,2000 Summer,2000,Summer,Sydney,Swimming,Swimming Women's 4 x 200 metres Freestyle Relay,Silver
120061,Robyn Jean Thorn (-Risson-Nock),F,18.0,,,Australia,AUS,1964 Summer,1964,Summer,Tokyo,Swimming,Swimming Women's 4 x 100 metres Freestyle Relay,Silver
120087,Ian James Thorpe,M,17.0,196.0,104.0,Australia,AUS,2000 Summer,2000,Summer,Sydney,Swimming,Swimming Men's 200 metres Freestyle,Silver
120087,Ian James Thorpe,M,17.0,196.0,104.0,Australia,AUS,2000 Summer,2000,Summer,Sydney,Swimming,Swimming Men's 400 metres Freestyle,Gold
120087,Ian James Thorpe,M,17.0,196.0,104.0,Australia,AUS,2000 Summer,2000,Summer,Sydney,Swimming,Swimming Men's 4 x 100 metres Freestyle Relay,Gold
120087,Ian James Thorpe,M,17.0,196.0,104.0,Australia,AUS,2000 Summer,2000,Summer,Sydney,Swimming,Swimming Men's 4 x 200 metres Freestyle Relay,Gold
120087,Ian James Thorpe,M,17.0,196.0,104.0,Australia,AUS,2000 Summer,2000,Summer,Sydney,Swimming,Swimming Men's 4 x 100 metres Medley Relay,Silver
120087,Ian James Thorpe,M,21.0,196.0,104.0,Australia,AUS,2004 Summer,2004,Summer,Athina,Swimming,Swimming Men's 100 metres Freestyle,Bronze
120087,Ian James Thorpe,M,21.0,196.0,104.0,Australia,AUS,2004 Summer,2004,Summer,Athina,Swimming,Swimming Men's 200 metres Freestyle,Gold
120087,Ian James Thorpe,M,21.0,196.0,104.0,Australia,AUS,2004 Summer,2004,Summer,Athina,Swimming,Swimming Men's 400 metres Freestyle,Gold
120087,Ian James Thorpe,M,21.0,196.0,104.0,Australia,AUS,2004 Summer,2004,Summer,Athina,Swimming,Swimming Men's 4 x 200 metres Freestyle Relay,Silver
120123,Gavin Thredgold,M,22.0,163.0,50.0,Australia,AUS,1984 Summer,1984,Summer,Los Angeles,Rowing,Rowing Men's Coxed Eights,Bronze
120125,Norma Claire Thrower (Austin-),F,20.0,166.0,57.0,Australia,AUS,1956 Summer,1956,Summer,Melbourne,Athletics,Athletics Women's 80 metres Hurdles,Bronze
120393,Michele Margaret Timms,F,31.0,165.0,61.0,Australia,AUS,1996 Summer,1996,Summer,Atlanta,Basketball,Basketball Women's Basketball,Bronze
120393,Michele Margaret Timms,F,35.0,165.0,61.0,Australia,AUS,2000 Summer,2000,Summer,Sydney,Basketball,Basketball Women's Basketball,Silver
120446,Stuart Brian Tinney,M,35.0,180.0,71.0,Australia,AUS,2000 Summer,2000,Summer,Sydney,Equestrianism,"Equestrianism Mixed Three-Day Event, Team",Gold
120446,Stuart Brian Tinney,M,51.0,180.0,71.0,Australia,AUS,2016 Summer,2016,Summer,Rio de Janeiro,Equestrianism,"Equestrianism Mixed Three-Day Event, Team",Bronze
120447,"Robert Noel Patrick ""Bob"" Tinning",M,26.0,,,Australia,AUS,1952 Summer,1952,Summer,Helsinki,Rowing,Rowing Men's Coxed Eights,Bronze
120536,Natalie Lorraine Titcume,F,24.0,184.0,85.0,Australia,AUS,2000 Summer,2000,Summer,Sydney,Softball,Softball Women's Softball,Bronze
120536,Natalie Lorraine Titcume,F,28.0,184.0,85.0,Australia,AUS,2004 Summer,2004,Summer,Athina,Softball,Softball Women's Softball,Silver
120536,Natalie Lorraine Titcume,F,32.0,184.0,85.0,Australia,AUS,2008 Summer,2008,Summer,Beijing,Softball,Softball Women's Softball,Bronze
120958,James Bruce Tomkins,M,26.0,199.0,98.0,Australia,AUS,1992 Summer,1992,Summer,Barcelona,Rowing,Rowing Men's Coxless Fours,Gold
120958,James Bruce Tomkins,M,30.0,199.0,98.0,Australia,AUS,1996 Summer,1996,Summer,Atlanta,Rowing,Rowing Men's Coxless Fours,Gold
120958,James Bruce Tomkins,M,35.0,199.0,98.0,Australia,AUS,2000 Summer,2000,Summer,Sydney,Rowing,Rowing Men's Coxless Pairs,Bronze
120958,James Bruce Tomkins,M,38.0,199.0,98.0,Australia,AUS,2004 Summer,2004,Summer,Athina,Rowing,Rowing Men's Coxless Pairs,Gold
121023,Emma Kate Tonegato,F,21.0,165.0,63.0,Australia,AUS,2016 Summer,2016,Summer,Rio de Janeiro,Rugby Sevens,Rugby Sevens Women's Rugby Sevens,Gold
121024,"Marcus Lyndon ""Mark"" Tonelli (Leembruggen-)",M,23.0,181.0,66.0,Australia,AUS,1980 Summer,1980,Summer,Moskva,Swimming,Swimming Men's 4 x 100 metres Medley Relay,Gold
121055,Peter James Tonkin,M,16.0,,,Australia,AUS,1964 Summer,1964,Summer,Tokyo,Swimming,Swimming Men's 4 x 100 metres Medley Relay,Bronze
121083,Michael Toon,M,25.0,168.0,55.0,Australia,AUS,2004 Summer,2004,Summer,Athina,Rowing,Rowing Men's Coxed Eights,Bronze
121088,Liane Marianne Tooth,F,26.0,159.0,55.0,Australia,AUS,1988 Summer,1988,Summer,Seoul,Hockey,Hockey Women's Hockey,Gold
121088,Liane Marianne Tooth,F,34.0,159.0,55.0,Australia,AUS,1996 Summer,1996,Summer,Atlanta,Hockey,Hockey Women's Hockey,Gold
121487,"Khuloud ""Loudy"" Tourky-Wiggins",F,21.0,147.0,45.0,Australia,AUS,2000 Summer,2000,Summer,Sydney,Diving,Diving Women's Synchronized Platform,Bronze
121487,"Khuloud ""Loudy"" Tourky-Wiggins",F,25.0,147.0,45.0,Australia,AUS,2004 Summer,2004,Summer,Athina,Diving,Diving Women's Platform,Bronze
121537,Julie Gail Towers (-Richardson),F,23.0,165.0,62.0,Australia,AUS,2000 Summer,2000,Summer,Sydney,Hockey,Hockey Women's Hockey,Gold
121832,Daniel Trenton,M,23.0,180.0,86.0,Australia,AUS,2000 Summer,2000,Summer,Sydney,Taekwondo,Taekwondo Men's Heavyweight,Silver
121925,Andrew Lawrence Trim,M,27.0,178.0,84.0,Australia,AUS,1996 Summer,1996,Summer,Atlanta,Canoeing,"Canoeing Men's Kayak Doubles, 500 metres",Bronze
121925,Andrew Lawrence Trim,M,31.0,178.0,84.0,Australia,AUS,2000 Summer,2000,Summer,Sydney,Canoeing,"Canoeing Men's Kayak Doubles, 500 metres",Silver
122751,Mark David Turnbull,M,26.0,185.0,70.0,Australia,AUS,2000 Summer,2000,Summer,Sydney,Sailing,Sailing Men's Two Person Dinghy,Gold
122755,Wendy May Turnbull,F,35.0,163.0,55.0,Australia,AUS,1988 Summer,1988,Summer,Seoul,Tennis,Tennis Women's Doubles,Bronze
122758,Amy Turner,F,32.0,168.0,64.0,Australia,AUS,2016 Summer,2016,Summer,Rio de Janeiro,Rugby Sevens,Rugby Sevens Women's Rugby Sevens,Gold
122776,Glenn Turner,M,28.0,179.0,82.0,Australia,AUS,2012 Summer,2012,Summer,London,Hockey,Hockey Men's Hockey,Bronze
122783,Jan Turner (-Becker),F,19.0,,,Australia,AUS,1964 Summer,1964,Summer,Tokyo,Swimming,Swimming Women's 4 x 100 metres Freestyle Relay,Silver
122831,Michael Colin Turtur,M,26.0,178.0,78.0,Australia,AUS,1984 Summer,1984,Summer,Los Angeles,Cycling,"Cycling Men's Team Pursuit, 4,000 metres",Gold
122927,Ryan Tyack,M,25.0,186.0,102.0,Australia,AUS,2016 Summer,2016,Summer,Rio de Janeiro,Archery,Archery Men's Team,Bronze
122946,Lucy Tyler-Sharman,F,31.0,177.0,72.0,Australia,AUS,1996 Summer,1996,Summer,Atlanta,Cycling,Cycling Women's Points Race,Bronze
123643,Andrew Utting,M,26.0,187.0,98.0,Australia,AUS,2004 Summer,2004,Summer,Athina,Baseball,Baseball Men's Baseball,Silver
124217,Rodney Van Buizen,M,23.0,180.0,92.0,Australia,AUS,2004 Summer,2004,Summer,Athina,Baseball,Baseball Men's Baseball,Silver
124757,Jacinta Van Lint,F,22.0,179.0,69.0,Australia,AUS,2000 Summer,2000,Summer,Sydney,Swimming,Swimming Women's 4 x 200 metres Freestyle Relay,Silver
125797,Adam Joseph Vella,M,33.0,178.0,92.0,Australia,AUS,2004 Summer,2004,Summer,Athina,Shooting,Shooting Men's Trap,Bronze
126349,Craig Scott Victory,M,20.0,179.0,68.0,Australia,AUS,2000 Summer,2000,Summer,Sydney,Hockey,Hockey Men's Hockey,Bronze
126749,James Martin Vinnicombe,M,23.0,183.0,84.0,Australia,AUS,1988 Summer,1988,Summer,Seoul,Cycling,"Cycling Men's 1,000 metres Time Trial",Silver
128161,Ji Glenn Wallace,M,23.0,175.0,70.0,Australia,AUS,2000 Summer,2000,Summer,Sydney,Trampolining,Trampolining Men's Individual,Silver
128165,"Kenneth Maxwell ""Ken"" Wallace",M,25.0,190.0,90.0,Australia,AUS,2008 Summer,2008,Summer,Beijing,Canoeing,"Canoeing Men's Kayak Singles, 500 metres",Gold
128165,"Kenneth Maxwell ""Ken"" Wallace",M,25.0,190.0,90.0,Australia,AUS,2008 Summer,2008,Summer,Beijing,Canoeing,"Canoeing Men's Kayak Singles, 1,000 metres",Bronze
128165,"Kenneth Maxwell ""Ken"" Wallace",M,33.0,190.0,90.0,Australia,AUS,2016 Summer,2016,Summer,Rio de Janeiro,Canoeing,"Canoeing Men's Kayak Doubles, 1,000 metres",Bronze
128282,"Terence Arthur ""Terry"" Walsh",M,22.0,177.0,80.0,Australia,AUS,1976 Summer,1976,Summer,Montreal,Hockey,Hockey Men's Hockey,Silver
128685,David Colin Wansbrough,M,27.0,172.0,70.0,Australia,AUS,1992 Summer,1992,Summer,Barcelona,Hockey,Hockey Men's Hockey,Silver
128725,Natalie Anne Ward,F,20.0,168.0,64.0,Australia,AUS,1996 Summer,1996,Summer,Atlanta,Softball,Softball Women's Softball,Bronze
128725,Natalie Anne Ward,F,24.0,168.0,64.0,Australia,AUS,2000 Summer,2000,Summer,Sydney,Softball,Softball Women's Softball,Bronze
128725,Natalie Anne Ward,F,28.0,168.0,64.0,Australia,AUS,2004 Summer,2004,Summer,Athina,Softball,Softball Women's Softball,Silver
128725,Natalie Anne Ward,F,32.0,168.0,64.0,Australia,AUS,2008 Summer,2008,Summer,Beijing,Softball,Softball Women's Softball,Bronze
128758,"Kenneth Christopher ""Ken"" Wark",M,30.0,185.0,85.0,Australia,AUS,1992 Summer,1992,Summer,Barcelona,Hockey,Hockey Men's Hockey,Silver
128758,"Kenneth Christopher ""Ken"" Wark",M,34.0,185.0,85.0,Australia,AUS,1996 Summer,1996,Summer,Atlanta,Hockey,Hockey Men's Hockey,Bronze
128920,Jason Waterhouse,M,24.0,185.0,75.0,Australia,AUS,2016 Summer,2016,Summer,Rio de Janeiro,Sailing,Sailing Mixed Multihull,Silver
128929,"Anthony ""Tony"" Waters",M,36.0,175.0,73.0,Australia,AUS,1964 Summer,1964,Summer,Tokyo,Hockey,Hockey Men's Hockey,Bronze
128960,"Deborah Kathleen ""Debbie"" Watson",F,34.0,178.0,71.0,Australia,AUS,2000 Summer,2000,Summer,Sydney,Water Polo,Water Polo Women's Water Polo,Gold
128974,"Joshua John ""Josh"" Watson",M,23.0,184.0,80.0,Australia,AUS,2000 Summer,2000,Summer,Sydney,Swimming,Swimming Men's 4 x 100 metres Medley Relay,Silver
128978,"Lynette Pamela ""Lynne"" Watson (-Bates)",F,15.0,172.0,60.0,Australia,AUS,1968 Summer,1968,Summer,Mexico City,Swimming,Swimming Women's 4 x 100 metres Medley Relay,Silver
128993,"Kathryn Anne ""Kathy"" Watt",F,27.0,159.0,49.0,Australia,AUS,1992 Summer,1992,Summer,Barcelona,Cycling,"Cycling Women's Road Race, Individual",Gold
128993,"Kathryn Anne ""Kathy"" Watt",F,27.0,159.0,49.0,Australia,AUS,1992 Summer,1992,Summer,Barcelona,Cycling,"Cycling Women's Individual Pursuit, 3,000 metres",Silver
128997,"Mitchell ""Mitch"" Watt",M,24.0,184.0,83.0,Australia,AUS,2012 Summer,2012,Summer,London,Athletics,Athletics Men's Long Jump,Silver
129184,"Rowena ""Rowie"" Webster",F,24.0,178.0,80.0,Australia,AUS,2012 Summer,2012,Summer,London,Water Polo,Water Polo Women's Water Polo,Bronze
129229,"Elizabeth Jane ""Liz"" Weekes",F,28.0,180.0,68.0,Australia,AUS,2000 Summer,2000,Summer,Sydney,Water Polo,Water Polo Women's Water Polo,Gold
129332,David John Weightman,M,24.0,193.0,94.0,Australia,AUS,1996 Summer,1996,Summer,Atlanta,Rowing,Rowing Men's Coxless Pairs,Silver
129487,Stuart Welch,M,22.0,195.0,86.0,Australia,AUS,2000 Summer,2000,Summer,Sydney,Rowing,Rowing Men's Coxed Eights,Silver
129487,Stuart Welch,M,26.0,195.0,86.0,Australia,AUS,2004 Summer,2004,Summer,Athina,Rowing,Rowing Men's Coxed Eights,Bronze
129538,"Matthew Wayne ""Matt"" Wells",M,22.0,184.0,77.0,Australia,AUS,2000 Summer,2000,Summer,Sydney,Hockey,Hockey Men's Hockey,Bronze
129538,"Matthew Wayne ""Matt"" Wells",M,26.0,184.0,77.0,Australia,AUS,2004 Summer,2004,Summer,Athina,Hockey,Hockey Men's Hockey,Gold
129538,"Matthew Wayne ""Matt"" Wells",M,30.0,184.0,77.0,Australia,AUS,2008 Summer,2008,Summer,Beijing,Hockey,Hockey Men's Hockey,Bronze
129557,Sam Welsford,M,20.0,179.0,82.0,Australia,AUS,2016 Summer,2016,Summer,Rio de Janeiro,Cycling,"Cycling Men's Team Pursuit, 4,000 metres",Silver
129561,"Matthew James ""Matt"" Welsh",M,23.0,188.0,80.0,Australia,AUS,2000 Summer,2000,Summer,Sydney,Swimming,Swimming Men's 100 metres Backstroke,Silver
129561,"Matthew James ""Matt"" Welsh",M,23.0,188.0,80.0,Australia,AUS,2000 Summer,2000,Summer,Sydney,Swimming,Swimming Men's 200 metres Backstroke,Bronze
129561,"Matthew James ""Matt"" Welsh",M,23.0,188.0,80.0,Australia,AUS,2000 Summer,2000,Summer,Sydney,Swimming,Swimming Men's 4 x 100 metres Medley Relay,Silver
129606,"Michael Vincent ""Mike"" Wenden",M,18.0,184.0,76.0,Australia,AUS,1968 Summer,1968,Summer,Mexico City,Swimming,Swimming Men's 100 metres Freestyle,Gold
129606,"Michael Vincent ""Mike"" Wenden",M,18.0,184.0,76.0,Australia,AUS,1968 Summer,1968,Summer,Mexico City,Swimming,Swimming Men's 200 metres Freestyle,Gold
129606,"Michael Vincent ""Mike"" Wenden",M,18.0,184.0,76.0,Australia,AUS,1968 Summer,1968,Summer,Mexico City,Swimming,Swimming Men's 4 x 100 metres Freestyle Relay,Bronze
129606,"Michael Vincent ""Mike"" Wenden",M,18.0,184.0,76.0,Australia,AUS,1968 Summer,1968,Summer,Mexico City,Swimming,Swimming Men's 4 x 200 metres Freestyle Relay,Silver
129993,Graham Ross White,M,17.0,183.0,79.0,Australia,AUS,1968 Summer,1968,Summer,Mexico City,Swimming,Swimming Men's 4 x 200 metres Freestyle Relay,Silver
130022,Tarnee Renee White (-Southwell),F,19.0,165.0,58.0,Australia,AUS,2000 Summer,2000,Summer,Sydney,Swimming,Swimming Women's 4 x 100 metres Medley Relay,Silver
130022,Tarnee Renee White (-Southwell),F,27.0,165.0,58.0,Australia,AUS,2008 Summer,2008,Summer,Beijing,Swimming,Swimming Women's 4 x 100 metres Medley Relay,Gold
130057,Beverley Joy Whitfield,F,18.0,163.0,57.0,Australia,AUS,1972 Summer,1972,Summer,Munich,Swimming,Swimming Women's 100 metres Breaststroke,Bronze
130057,Beverley Joy Whitfield,F,18.0,163.0,57.0,Australia,AUS,1972 Summer,1972,Summer,Munich,Swimming,Swimming Women's 200 metres Breaststroke,Gold
130102,"Jennifer Hazel ""Jenny"" Whittle",F,22.0,197.0,85.0,Australia,AUS,1996 Summer,1996,Summer,Atlanta,Basketball,Basketball Women's Basketball,Bronze
130102,"Jennifer Hazel ""Jenny"" Whittle",F,27.0,197.0,85.0,Australia,AUS,2000 Summer,2000,Summer,Sydney,Basketball,Basketball Women's Basketball,Silver
130107,Lucinda Whitty,F,22.0,167.0,63.0,Australia,AUS,2012 Summer,2012,Summer,London,Sailing,Sailing Women's Three Person Keelboat,Silver
130321,Ben Wigmore,M,22.0,184.0,85.0,Australia,AUS,2004 Summer,2004,Summer,Athina,Baseball,Baseball Men's Baseball,Silver
130467,Brooke Wilkins,F,22.0,175.0,72.0,Australia,AUS,1996 Summer,1996,Summer,Atlanta,Softball,Softball Women's Softball,Bronze
130467,Brooke Wilkins,F,26.0,175.0,72.0,Australia,AUS,2000 Summer,2000,Summer,Sydney,Softball,Softball Women's Softball,Bronze
130467,Brooke Wilkins,F,30.0,175.0,72.0,Australia,AUS,2004 Summer,2004,Summer,Athina,Softball,Softball Women's Softball,Silver
130599,Glenn David Williams,M,27.0,188.0,90.0,Australia,AUS,2004 Summer,2004,Summer,Athina,Baseball,Baseball Men's Baseball,Silver
130610,"Jeffrey Francis ""Jeff"" Williams",M,32.0,183.0,84.0,Australia,AUS,2004 Summer,2004,Summer,Athina,Baseball,Baseball Men's Baseball,Silver
130669,Sharni Williams,F,28.0,167.0,79.0,Australia,AUS,2016 Summer,2016,Summer,Rio de Janeiro,Rugby Sevens,Rugby Sevens Women's Rugby Sevens,Gold
130716,"Geoffrey ""Geoff"" Williamson",M,29.0,,,Australia,AUS,1952 Summer,1952,Summer,Helsinki,Rowing,Rowing Men's Coxed Eights,Bronze
130754,Sam Willoughby,M,20.0,173.0,87.0,Australia,AUS,2012 Summer,2012,Summer,London,Cycling,Cycling Men's BMX,Silver
130755,"Timothy John ""Tim"" Willoughby",M,30.0,200.0,96.0,Australia,AUS,1984 Summer,1984,Summer,Los Angeles,Rowing,Rowing Men's Coxed Eights,Bronze
130767,Nathan James Wilmot,M,28.0,183.0,64.0,Australia,AUS,2008 Summer,2008,Summer,Beijing,Sailing,Sailing Men's Two Person Dinghy,Gold
130864,"Madison ""Madi"" Wilson",F,22.0,179.0,61.0,Australia,AUS,2016 Summer,2016,Summer,Rio de Janeiro,Swimming,Swimming Women's 4 x 100 metres Freestyle Relay,Gold
130864,"Madison ""Madi"" Wilson",F,22.0,179.0,61.0,Australia,AUS,2016 Summer,2016,Summer,Rio de Janeiro,Swimming,Swimming Women's 4 x 100 metres Medley Relay,Silver
130865,Marilyn Joy Wilson (-Young),F,17.0,163.0,58.0,Australia,AUS,1960 Summer,1960,Summer,Roma,Swimming,Swimming Women's 4 x 100 metres Medley Relay,Silver
130954,Graham Claude Windeatt,M,18.0,187.0,78.0,Australia,AUS,1972 Summer,1972,Summer,Munich,Swimming,"Swimming Men's 1,500 metres Freestyle",Silver
130964,"Robert George ""Bob"" Windle",M,19.0,185.0,77.0,Australia,AUS,1964 Summer,1964,Summer,Tokyo,Swimming,"Swimming Men's 1,500 metres Freestyle",Gold
130964,"Robert George ""Bob"" Windle",M,19.0,185.0,77.0,Australia,AUS,1964 Summer,1964,Summer,Tokyo,Swimming,Swimming Men's 4 x 100 metres Freestyle Relay,Bronze
130964,"Robert George ""Bob"" Windle",M,23.0,185.0,77.0,Australia,AUS,1968 Summer,1968,Summer,Mexico City,Swimming,Swimming Men's 4 x 100 metres Freestyle Relay,Bronze
130964,"Robert George ""Bob"" Windle",M,23.0,185.0,77.0,Australia,AUS,1968 Summer,1968,Summer,Mexico City,Swimming,Swimming Men's 4 x 200 metres Freestyle Relay,Silver
131038,"John Arthur ""Jack"" Winter",M,23.0,,,Australia,AUS,1948 Summer,1948,Summer,London,Athletics,Athletics Men's High Jump,Gold
131048,"Anthony William ""Nick"" Winter",M,29.0,181.0,74.0,Australia,AUS,1924 Summer,1924,Summer,Paris,Athletics,Athletics Men's Triple Jump,Gold
131459,Allan Frederick Wood,M,17.0,177.0,68.0,Australia,AUS,1960 Summer,1960,Summer,Roma,Swimming,Swimming Men's 4 x 200 metres Freestyle Relay,Bronze
131459,Allan Frederick Wood,M,21.0,177.0,68.0,Australia,AUS,1964 Summer,1964,Summer,Tokyo,Swimming,Swimming Men's 400 metres Freestyle,Bronze
131459,Allan Frederick Wood,M,21.0,177.0,68.0,Australia,AUS,1964 Summer,1964,Summer,Tokyo,Swimming,"Swimming Men's 1,500 metres Freestyle",Bronze
131472,Graham Wood,M,28.0,175.0,74.0,Australia,AUS,1964 Summer,1964,Summer,Tokyo,Hockey,Hockey Men's Hockey,Bronze
131487,"Mervyn Thomas ""Merv"" Wood",M,31.0,,,Australia,AUS,1948 Summer,1948,Summer,London,Rowing,Rowing Men's Single Sculls,Gold
131487,"Mervyn Thomas ""Merv"" Wood",M,35.0,,,Australia,AUS,1952 Summer,1952,Summer,Helsinki,Rowing,Rowing Men's Single Sculls,Silver
131487,"Mervyn Thomas ""Merv"" Wood",M,39.0,,,Australia,AUS,1956 Summer,1956,Summer,Melbourne,Rowing,Rowing Men's Double Sculls,Bronze
131491,"Stephen Michael ""Steve"" Wood",M,31.0,183.0,85.0,Australia,AUS,1992 Summer,1992,Summer,Barcelona,Canoeing,"Canoeing Men's Kayak Fours, 1,000 metres",Bronze
131504,Todd Andrew Woodbridge,M,25.0,178.0,75.0,Australia,AUS,1996 Summer,1996,Summer,Atlanta,Tennis,Tennis Men's Doubles,Gold
131504,Todd Andrew Woodbridge,M,29.0,178.0,75.0,Australia,AUS,2000 Summer,2000,Summer,Sydney,Tennis,Tennis Men's Doubles,Silver
131511,Mark Raymond Woodforde,M,30.0,183.0,80.0,Australia,AUS,1996 Summer,1996,Summer,Atlanta,Tennis,Tennis Men's Doubles,Gold
131511,Mark Raymond Woodforde,M,34.0,183.0,80.0,Australia,AUS,2000 Summer,2000,Summer,Sydney,Tennis,Tennis Men's Doubles,Silver
131515,Danielle Woodhouse (Gusterson-),F,31.0,173.0,68.0,Australia,AUS,2000 Summer,2000,Summer,Sydney,Water Polo,Water Polo Women's Water Polo,Gold
131517,"Robert ""Rob"" Woodhouse",M,18.0,190.0,77.0,Australia,AUS,1984 Summer,1984,Summer,Los Angeles,Swimming,Swimming Men's 400 metres Individual Medley,Bronze
131538,Dean Anthony Woods,M,18.0,184.0,72.0,Australia,AUS,1984 Summer,1984,Summer,Los Angeles,Cycling,"Cycling Men's Team Pursuit, 4,000 metres",Gold
131538,Dean Anthony Woods,M,22.0,184.0,72.0,Australia,AUS,1988 Summer,1988,Summer,Seoul,Cycling,"Cycling Men's Individual Pursuit, 4,000 metres",Silver
131538,Dean Anthony Woods,M,22.0,184.0,72.0,Australia,AUS,1988 Summer,1988,Summer,Seoul,Cycling,"Cycling Men's Team Pursuit, 4,000 metres",Bronze
131538,Dean Anthony Woods,M,30.0,184.0,72.0,Australia,AUS,1996 Summer,1996,Summer,Atlanta,Cycling,"Cycling Men's Team Pursuit, 4,000 metres",Bronze
131555,Taryn Nadine Woods,F,25.0,175.0,76.0,Australia,AUS,2000 Summer,2000,Summer,Sydney,Water Polo,Water Polo Women's Water Polo,Gold
131562,Danielle Anne Woodward,F,27.0,171.0,62.0,Australia,AUS,1992 Summer,1992,Summer,Barcelona,Canoeing,"Canoeing Women's Kayak Singles, Slalom",Silver
131571,Stephen Brian Wooldridge,M,26.0,186.0,78.0,Australia,AUS,2004 Summer,2004,Summer,Athina,Cycling,"Cycling Men's Team Pursuit, 4,000 metres",Gold
131620,Taylor Worth,M,25.0,174.0,60.0,Australia,AUS,2016 Summer,2016,Summer,Rio de Janeiro,Archery,Archery Men's Team,Bronze
131685,Belinda Wright (-Barnes),F,27.0,170.0,63.0,Australia,AUS,2008 Summer,2008,Summer,Beijing,Softball,Softball Women's Softball,Bronze
131803,Melissa Paige Wu,F,16.0,152.0,50.0,Australia,AUS,2008 Summer,2008,Summer,Beijing,Diving,Diving Women's Synchronized Platform,Silver
131920,Kerry Anne Wyborn (-Newsome),F,26.0,168.0,63.0,Australia,AUS,2004 Summer,2004,Summer,Athina,Softball,Softball Women's Softball,Silver
131920,Kerry Anne Wyborn (-Newsome),F,30.0,168.0,63.0,Australia,AUS,2008 Summer,2008,Summer,Beijing,Softball,Softball Women's Softball,Bronze
133106,Michael John York,M,24.0,183.0,75.0,Australia,AUS,1992 Summer,1992,Summer,Barcelona,Hockey,Hockey Men's Hockey,Silver
133106,Michael John York,M,28.0,183.0,75.0,Australia,AUS,1996 Summer,1996,Summer,Atlanta,Hockey,Hockey Men's Hockey,Bronze
133106,Michael John York,M,32.0,183.0,75.0,Australia,AUS,2000 Summer,2000,Summer,Sydney,Hockey,Hockey Men's Hockey,Bronze
133665,Nicola Zagame,F,21.0,174.0,72.0,Australia,AUS,2012 Summer,2012,Summer,London,Water Polo,Water Polo Women's Water Polo,Bronze
